2026-03-20 12:13:11,659 - INFO - Request: POST http://127.0.0.1:8000/auth/login
2026-03-20 12:13:12,291 - INFO - Response Status: 200
2026-03-20 12:13:38,209 - INFO - Request: GET http://127.0.0.1:8000/tasks
2026-03-20 12:13:38,209 - INFO - Response Status: 307
2026-03-20 12:13:38,214 - INFO - Request: GET http://127.0.0.1:8000/tasks/
2026-03-20 12:13:38,339 - INFO - Response Status: 200
2026-03-20 23:08:52,144 - INFO - Request: POST http://127.0.0.1:8000/auth/login
2026-03-20 23:08:52,716 - INFO - Response Status: 200
<<<<<<< HEAD
2026-03-20 23:57:37,234 - INFO - Request: GET http://127.0.0.1:8000/tasks
2026-03-20 23:57:37,236 - INFO - Response Status: 307
2026-03-20 23:57:37,243 - INFO - Request: GET http://127.0.0.1:8000/tasks/
2026-03-20 23:57:37,291 - INFO - Response Status: 401
2026-03-20 23:58:00,114 - INFO - Request: GET http://127.0.0.1:8000/tasks
2026-03-20 23:58:00,116 - INFO - Response Status: 307
2026-03-20 23:58:00,119 - INFO - Request: GET http://127.0.0.1:8000/tasks/
2026-03-20 23:58:00,302 - INFO - Response Status: 200
2026-03-21 00:01:59,945 - INFO - Request: POST http://127.0.0.1:8000/tasks
2026-03-21 00:01:59,957 - INFO - Response Status: 307
2026-03-21 00:01:59,964 - INFO - Request: POST http://127.0.0.1:8000/tasks/
2026-03-21 00:02:00,076 - INFO - User5 created task 16
2026-03-21 00:02:00,078 - INFO - Response Status: 201
2026-03-21 00:02:06,489 - INFO - Request: POST http://127.0.0.1:8000/tasks
2026-03-21 00:02:06,490 - INFO - Response Status: 307
2026-03-21 00:02:06,492 - INFO - Request: POST http://127.0.0.1:8000/tasks/
2026-03-21 00:02:06,508 - INFO - User5 created task 17
2026-03-21 00:02:06,509 - INFO - Response Status: 201
2026-03-21 00:02:11,288 - INFO - Request: POST http://127.0.0.1:8000/tasks
2026-03-21 00:02:11,290 - INFO - Response Status: 307
2026-03-21 00:02:11,293 - INFO - Request: POST http://127.0.0.1:8000/tasks/
2026-03-21 00:02:11,304 - INFO - User5 created task 18
2026-03-21 00:02:11,306 - INFO - Response Status: 201
2026-03-21 00:02:16,525 - INFO - Request: POST http://127.0.0.1:8000/tasks
2026-03-21 00:02:16,526 - INFO - Response Status: 307
2026-03-21 00:02:16,529 - INFO - Request: POST http://127.0.0.1:8000/tasks/
2026-03-21 00:02:16,538 - INFO - User5 created task 19
2026-03-21 00:02:16,539 - INFO - Response Status: 201
2026-03-21 00:02:23,388 - INFO - Request: POST http://127.0.0.1:8000/tasks
2026-03-21 00:02:23,389 - INFO - Response Status: 307
2026-03-21 00:02:23,392 - INFO - Request: POST http://127.0.0.1:8000/tasks/
2026-03-21 00:02:23,404 - INFO - User5 created task 20
2026-03-21 00:02:23,405 - INFO - Response Status: 201
2026-03-21 00:02:29,098 - INFO - Request: POST http://127.0.0.1:8000/tasks
2026-03-21 00:02:29,099 - INFO - Response Status: 307
2026-03-21 00:02:29,101 - INFO - Request: POST http://127.0.0.1:8000/tasks/
2026-03-21 00:02:29,110 - INFO - User5 created task 21
2026-03-21 00:02:29,111 - INFO - Response Status: 201
2026-03-21 00:02:33,844 - INFO - Request: POST http://127.0.0.1:8000/tasks
2026-03-21 00:02:33,845 - INFO - Response Status: 307
2026-03-21 00:02:33,849 - INFO - Request: POST http://127.0.0.1:8000/tasks/
2026-03-21 00:02:33,859 - INFO - User5 created task 22
2026-03-21 00:02:33,860 - INFO - Response Status: 201
2026-03-21 00:02:37,759 - INFO - Request: POST http://127.0.0.1:8000/tasks
2026-03-21 00:02:37,759 - INFO - Response Status: 307
2026-03-21 00:02:37,762 - INFO - Request: POST http://127.0.0.1:8000/tasks/
2026-03-21 00:02:37,769 - INFO - User5 created task 23
2026-03-21 00:02:37,770 - INFO - Response Status: 201
2026-03-21 00:02:55,488 - INFO - Request: GET http://127.0.0.1:8000/tasks
2026-03-21 00:02:55,489 - INFO - Response Status: 307
2026-03-21 00:02:55,492 - INFO - Request: GET http://127.0.0.1:8000/tasks/
2026-03-21 00:02:55,505 - INFO - Response Status: 200
2026-03-21 00:03:55,548 - INFO - Request: GET http://127.0.0.1:8000/tasks?page=1&limit=5
2026-03-21 00:03:55,549 - INFO - Response Status: 307
2026-03-21 00:03:55,551 - INFO - Request: GET http://127.0.0.1:8000/tasks/?page=1&limit=5
2026-03-21 00:03:55,560 - INFO - Response Status: 200
2026-03-21 00:04:02,733 - INFO - Request: GET http://127.0.0.1:8000/tasks?page=1&limit=2
2026-03-21 00:04:02,734 - INFO - Response Status: 307
2026-03-21 00:04:02,737 - INFO - Request: GET http://127.0.0.1:8000/tasks/?page=1&limit=2
2026-03-21 00:04:02,744 - INFO - Response Status: 200
2026-03-21 00:04:37,687 - INFO - Request: GET http://127.0.0.1:8000/tasks?search=meeting
2026-03-21 00:04:37,688 - INFO - Response Status: 307
2026-03-21 00:04:37,691 - INFO - Request: GET http://127.0.0.1:8000/tasks/?search=meeting
2026-03-21 00:04:37,713 - INFO - Response Status: 200
2026-03-21 00:04:44,143 - INFO - Request: GET http://127.0.0.1:8000/tasks?search=gg
2026-03-21 00:04:44,144 - INFO - Response Status: 307
2026-03-21 00:04:44,147 - INFO - Request: GET http://127.0.0.1:8000/tasks/?search=gg
2026-03-21 00:04:44,155 - INFO - Response Status: 200
2026-03-30 16:06:56,059 - INFO - Request: GET http://127.0.0.1:8000/docs
2026-03-30 16:06:56,082 - INFO - Response Status: 200
2026-03-30 16:06:56,476 - INFO - Request: GET http://127.0.0.1:8000/openapi.json
2026-03-30 16:06:56,787 - INFO - Response Status: 200
2026-06-24 11:46:01,210 - INFO - Request: GET http://127.0.0.1:8000/
2026-06-24 11:46:01,215 - INFO - Response Status: 200
2026-06-24 11:46:01,434 - INFO - Request: GET http://127.0.0.1:8000/favicon.ico
2026-06-24 11:46:01,435 - INFO - Response Status: 404
2026-06-24 11:46:31,918 - INFO - Request: GET http://127.0.0.1:8000/
2026-06-24 11:46:31,920 - INFO - Response Status: 200
2026-06-24 11:46:55,030 - INFO - Request: GET http://127.0.0.1:8000/
2026-06-24 11:46:55,033 - INFO - Response Status: 200
2026-06-24 11:46:55,177 - INFO - Request: GET http://127.0.0.1:8000/favicon.ico
2026-06-24 11:46:55,178 - INFO - Response Status: 404
2026-06-24 11:47:02,393 - INFO - Request: GET http://127.0.0.1:8000/doc
2026-06-24 11:47:02,394 - INFO - Response Status: 404
2026-06-24 11:47:07,159 - INFO - Request: GET http://127.0.0.1:8000/docs
2026-06-24 11:47:07,161 - INFO - Response Status: 200
2026-06-24 11:47:07,484 - INFO - Request: GET http://127.0.0.1:8000/openapi.json
2026-06-24 11:47:07,590 - INFO - Response Status: 200
2026-06-24 11:53:21,912 - INFO - Request: POST http://127.0.0.1:8000/auth/register
2026-06-24 11:53:22,519 - INFO - Response Status: 200
2026-06-24 11:54:44,848 - INFO - Request: POST http://127.0.0.1:8000/auth/login
2026-06-24 11:54:45,307 - INFO - Response Status: 200
2026-06-24 11:55:15,394 - INFO - Request: POST http://127.0.0.1:8000/tasks/
2026-06-24 11:55:15,401 - INFO - Response Status: 401
2026-06-24 11:56:14,543 - INFO - Request: POST http://127.0.0.1:8000/tasks/
2026-06-24 11:56:14,679 - INFO - User7 created task 24
2026-06-24 11:56:14,681 - INFO - Response Status: 201
2026-06-24 11:56:56,351 - INFO - Request: GET http://127.0.0.1:8000/tasks/?page=1&limit=10
2026-06-24 11:56:56,391 - INFO - Response Status: 200
2026-06-24 11:57:33,502 - INFO - Request: GET http://127.0.0.1:8000/tasks/?page=2&limit=10
2026-06-24 11:57:33,518 - INFO - Response Status: 200
2026-06-24 11:57:59,019 - INFO - Request: DELETE http://127.0.0.1:8000/tasks/23
2026-06-24 11:57:59,031 - INFO - Response Status: 403
2026-06-24 11:58:26,670 - INFO - Request: DELETE http://127.0.0.1:8000/tasks/24
2026-06-24 11:58:26,858 - INFO - Response Status: 200
2026-06-24 11:58:56,111 - INFO - Request: GET http://127.0.0.1:8000/tasks/?page=1&limit=10
2026-06-24 11:58:56,130 - INFO - Response Status: 200
2026-06-24 12:02:29,973 - INFO - Request: GET http://127.0.0.1:8000/docs
2026-06-24 12:02:29,975 - INFO - Response Status: 200
2026-06-24 12:02:30,422 - INFO - Request: GET http://127.0.0.1:8000/openapi.json
2026-06-24 12:02:30,474 - INFO - Response Status: 200
2026-07-02 22:53:16,968 - INFO - Request: GET http://127.0.0.1:8000/doc
2026-07-02 22:53:17,022 - INFO - Response Status: 404
2026-07-02 22:53:17,287 - INFO - Request: GET http://127.0.0.1:8000/favicon.ico
2026-07-02 22:53:17,291 - INFO - Response Status: 404
2026-09-08 10:13:46,264 - INFO - Request: GET http://127.0.0.1:8000/
2026-09-08 10:13:46,332 - INFO - Response Status: 200
2026-09-08 10:14:09,080 - INFO - Request: GET http://127.0.0.1:8000/docs
2026-09-08 10:14:09,083 - INFO - Response Status: 200
2026-09-08 10:14:09,685 - INFO - Request: GET http://127.0.0.1:8000/openapi.json
2026-09-08 10:14:09,746 - INFO - Response Status: 200
2026-09-08 19:18:54,210 - INFO - Request: GET http://127.0.0.1:8000/
2026-09-08 19:18:54,229 - INFO - Response Status: 200
2026-09-08 19:18:59,851 - INFO - Request: GET http://127.0.0.1:8000/docs
2026-09-08 19:18:59,853 - INFO - Response Status: 200
2026-09-08 19:18:59,971 - INFO - Request: GET http://127.0.0.1:8000/openapi.json
2026-09-08 19:19:00,019 - INFO - Response Status: 200
2026-09-08 19:19:12,882 - INFO - Request: GET http://127.0.0.1:8000/docs
2026-09-08 19:19:12,883 - INFO - Response Status: 200
2026-09-08 19:19:12,991 - INFO - Request: GET http://127.0.0.1:8000/openapi.json
2026-09-08 19:19:12,993 - INFO - Response Status: 200
2026-09-08 19:22:31,889 - INFO - Request: GET http://testserver/
2026-09-08 19:22:31,891 - INFO - Response Status: 200
2026-09-08 19:22:31,892 - INFO - HTTP Request: GET http://testserver/ "HTTP/1.1 200 OK"
2026-09-08 19:33:05,172 - INFO - Request: GET http://testserver/
2026-09-08 19:33:05,175 - INFO - Response Status: 200
2026-09-08 19:33:05,178 - INFO - HTTP Request: GET http://testserver/ "HTTP/1.1 200 OK"
2026-09-08 22:41:47,766 - INFO - Request: POST http://testserver/auth/register
2026-09-08 22:41:48,188 - INFO - Response Status: 200
2026-09-08 22:41:48,193 - INFO - HTTP Request: POST http://testserver/auth/register "HTTP/1.1 200 OK"
2026-09-08 22:43:59,627 - INFO - Request: POST http://testserver/auth/register
2026-09-08 22:43:59,681 - INFO - Response Status: 400
2026-09-08 22:43:59,684 - INFO - HTTP Request: POST http://testserver/auth/register "HTTP/1.1 400 Bad Request"
=======
>>>>>>> 6f28f09ebdc70671b9b35c4699709035bf2cd35a
2026-09-08 23:38:43,304 - INFO - Request: POST http://testserver/auth/register
2026-09-08 23:38:43,677 - INFO - Response Status: 200
2026-09-08 23:38:43,680 - INFO - HTTP Request: POST http://testserver/auth/register "HTTP/1.1 200 OK"
2026-09-09 09:48:16,094 - INFO - Request: POST http://testserver/auth/register
2026-09-09 09:48:16,134 - INFO - Response Status: 400
2026-09-09 09:48:16,136 - INFO - HTTP Request: POST http://testserver/auth/register "HTTP/1.1 400 Bad Request"
2026-09-09 09:48:31,751 - INFO - Request: POST http://testserver/auth/register
2026-09-09 09:48:31,782 - INFO - Response Status: 400
2026-09-09 09:48:31,785 - INFO - HTTP Request: POST http://testserver/auth/register "HTTP/1.1 400 Bad Request"
2026-09-09 09:48:31,997 - INFO - Request: GET http://testserver/
2026-09-09 09:48:31,999 - INFO - Response Status: 200
2026-09-09 09:48:32,002 - INFO - HTTP Request: GET http://testserver/ "HTTP/1.1 200 OK"
2026-09-09 09:49:44,786 - INFO - Request: POST http://testserver/auth/register
2026-09-09 09:49:45,135 - INFO - Response Status: 200
2026-09-09 09:49:45,138 - INFO - HTTP Request: POST http://testserver/auth/register "HTTP/1.1 200 OK"
2026-09-09 09:49:45,147 - INFO - Request: GET http://testserver/
2026-09-09 09:49:45,150 - INFO - Response Status: 200
2026-09-09 09:49:45,152 - INFO - HTTP Request: GET http://testserver/ "HTTP/1.1 200 OK"
2026-09-09 09:49:55,098 - INFO - Request: POST http://testserver/auth/register
2026-09-09 09:49:55,129 - INFO - Response Status: 400
2026-09-09 09:49:55,131 - INFO - HTTP Request: POST http://testserver/auth/register "HTTP/1.1 400 Bad Request"
2026-09-09 09:49:55,330 - INFO - Request: GET http://testserver/
2026-09-09 09:49:55,332 - INFO - Response Status: 200
2026-09-09 09:49:55,333 - INFO - HTTP Request: GET http://testserver/ "HTTP/1.1 200 OK"
2026-09-09 10:54:50,646 - INFO - Request: POST http://testserver/auth/register
2026-09-09 10:54:50,676 - INFO - Response Status: 400
2026-09-09 10:54:50,679 - INFO - HTTP Request: POST http://testserver/auth/register "HTTP/1.1 400 Bad Request"
2026-09-09 10:54:50,994 - INFO - Request: GET http://testserver/
2026-09-09 10:54:50,997 - INFO - Response Status: 200
2026-09-09 10:54:50,999 - INFO - HTTP Request: GET http://testserver/ "HTTP/1.1 200 OK"
2026-09-09 11:00:50,669 - INFO - Request: POST http://testserver/auth/register
2026-09-09 11:00:50,702 - INFO - Response Status: 400
2026-09-09 11:00:50,704 - INFO - HTTP Request: POST http://testserver/auth/register "HTTP/1.1 400 Bad Request"
2026-09-09 11:00:50,912 - INFO - Request: GET http://testserver/
2026-09-09 11:00:50,914 - INFO - Response Status: 200
2026-09-09 11:00:50,915 - INFO - HTTP Request: GET http://testserver/ "HTTP/1.1 200 OK"
2026-09-09 11:01:59,801 - INFO - Request: POST http://testserver/auth/register
2026-09-09 11:01:59,824 - INFO - Response Status: 400
2026-09-09 11:01:59,826 - INFO - HTTP Request: POST http://testserver/auth/register "HTTP/1.1 400 Bad Request"
2026-09-09 11:01:59,989 - INFO - Request: GET http://testserver/
2026-09-09 11:01:59,991 - INFO - Response Status: 200
2026-09-09 11:01:59,992 - INFO - HTTP Request: GET http://testserver/ "HTTP/1.1 200 OK"
2026-09-09 13:26:49,964 - INFO - Request: POST http://testserver/auth/register
2026-09-09 13:26:50,356 - INFO - Response Status: 200
2026-09-09 13:26:50,360 - INFO - HTTP Request: POST http://testserver/auth/register "HTTP/1.1 200 OK"
2026-09-09 13:26:50,373 - INFO - Request: GET http://testserver/
2026-09-09 13:26:50,377 - INFO - Response Status: 200
2026-09-09 13:26:50,383 - INFO - HTTP Request: GET http://testserver/ "HTTP/1.1 200 OK"
2026-09-09 15:21:30,723 - INFO - Request: POST http://testserver/auth/register
2026-09-09 15:21:31,129 - INFO - Response Status: 200
2026-09-09 15:21:31,146 - INFO - HTTP Request: POST http://testserver/auth/register "HTTP/1.1 200 OK"
2026-09-09 15:21:31,200 - INFO - Request: GET http://testserver/
2026-09-09 15:21:31,206 - INFO - Response Status: 200
2026-09-09 15:21:31,213 - INFO - HTTP Request: GET http://testserver/ "HTTP/1.1 200 OK"
2026-09-09 15:26:49,163 - INFO - Request: POST http://testserver/auth/register
2026-09-09 15:26:49,569 - INFO - Response Status: 200
2026-09-09 15:26:49,573 - INFO - HTTP Request: POST http://testserver/auth/register "HTTP/1.1 200 OK"
2026-09-09 15:26:49,589 - INFO - Request: GET http://testserver/
2026-09-09 15:26:49,595 - INFO - Response Status: 200
2026-09-09 15:26:49,601 - INFO - HTTP Request: GET http://testserver/ "HTTP/1.1 200 OK"
2026-09-09 15:27:05,245 - INFO - Request: POST http://testserver/auth/register
2026-09-09 15:27:05,638 - INFO - Response Status: 200
2026-09-09 15:27:05,641 - INFO - HTTP Request: POST http://testserver/auth/register "HTTP/1.1 200 OK"
2026-09-09 15:28:01,992 - INFO - Request: POST http://testserver/auth/register
2026-09-09 15:28:02,356 - INFO - Response Status: 200
2026-09-09 15:28:02,359 - INFO - HTTP Request: POST http://testserver/auth/register "HTTP/1.1 200 OK"
2026-09-09 15:28:02,370 - INFO - Request: GET http://testserver/
2026-09-09 15:28:02,377 - INFO - Response Status: 200
2026-09-09 15:28:02,380 - INFO - HTTP Request: GET http://testserver/ "HTTP/1.1 200 OK"
2026-09-09 15:28:17,853 - INFO - Request: POST http://testserver/auth/register
2026-09-09 15:28:18,203 - INFO - Response Status: 200
2026-09-09 15:28:18,206 - INFO - HTTP Request: POST http://testserver/auth/register "HTTP/1.1 200 OK"
2026-09-09 15:29:08,545 - INFO - Request: POST http://testserver/auth/register
2026-09-09 15:29:08,905 - INFO - Response Status: 200
2026-09-09 15:29:08,909 - INFO - HTTP Request: POST http://testserver/auth/register "HTTP/1.1 200 OK"
2026-09-09 15:45:51,006 - INFO - Request: POST http://testserver/auth/register
2026-09-09 15:45:51,379 - INFO - Response Status: 200
2026-09-09 15:45:51,382 - INFO - HTTP Request: POST http://testserver/auth/register "HTTP/1.1 200 OK"
2026-09-09 15:45:51,408 - INFO - Request: GET http://testserver/
2026-09-09 15:45:51,415 - INFO - Response Status: 200
2026-09-09 15:45:51,417 - INFO - HTTP Request: GET http://testserver/ "HTTP/1.1 200 OK"
2026-09-09 15:52:20,462 - INFO - Request: POST http://testserver/auth/register
2026-09-09 15:52:20,813 - INFO - Response Status: 200
2026-09-09 15:52:20,816 - INFO - HTTP Request: POST http://testserver/auth/register "HTTP/1.1 200 OK"
2026-09-09 15:52:20,878 - INFO - Request: POST http://testserver/auth/register
2026-09-09 15:52:21,185 - INFO - Response Status: 200
2026-09-09 15:52:21,188 - INFO - HTTP Request: POST http://testserver/auth/register "HTTP/1.1 200 OK"
2026-09-09 15:52:21,191 - INFO - Request: POST http://testserver/auth/register
2026-09-09 15:52:21,197 - INFO - Response Status: 400
2026-09-09 15:52:21,198 - INFO - HTTP Request: POST http://testserver/auth/register "HTTP/1.1 400 Bad Request"
2026-09-09 15:52:21,260 - INFO - Request: POST http://testserver/auth/register
2026-09-09 15:52:21,572 - INFO - Response Status: 200
2026-09-09 15:52:21,575 - INFO - HTTP Request: POST http://testserver/auth/register "HTTP/1.1 200 OK"
2026-09-09 15:52:21,579 - INFO - Request: POST http://testserver/auth/login
2026-09-09 15:52:21,931 - INFO - Response Status: 200
2026-09-09 15:52:21,935 - INFO - HTTP Request: POST http://testserver/auth/login "HTTP/1.1 200 OK"
2026-09-09 15:52:21,999 - INFO - Request: POST http://testserver/auth/register
2026-09-09 15:52:22,313 - INFO - Response Status: 200
2026-09-09 15:52:22,316 - INFO - HTTP Request: POST http://testserver/auth/register "HTTP/1.1 200 OK"
2026-09-09 15:52:22,319 - INFO - Request: POST http://testserver/auth/login
2026-09-09 15:52:22,625 - INFO - Response Status: 400
2026-09-09 15:52:22,627 - INFO - HTTP Request: POST http://testserver/auth/login "HTTP/1.1 400 Bad Request"
2026-09-09 15:52:22,691 - INFO - Request: POST http://testserver/auth/register
2026-09-09 15:52:23,000 - INFO - Response Status: 200
2026-09-09 15:52:23,002 - INFO - HTTP Request: POST http://testserver/auth/register "HTTP/1.1 200 OK"
2026-09-09 15:52:23,005 - INFO - Request: POST http://testserver/auth/login
2026-09-09 15:52:23,299 - INFO - Response Status: 200
2026-09-09 15:52:23,301 - INFO - HTTP Request: POST http://testserver/auth/login "HTTP/1.1 200 OK"
2026-09-09 15:52:23,304 - INFO - Request: POST http://testserver/tasks/
2026-09-09 15:52:23,337 - INFO - User1 created task 1
2026-09-09 15:52:23,338 - INFO - Response Status: 201
2026-09-09 15:52:23,341 - INFO - HTTP Request: POST http://testserver/tasks/ "HTTP/1.1 201 Created"
2026-09-09 15:53:16,353 - INFO - Request: POST http://testserver/auth/register
2026-09-09 15:53:16,808 - INFO - Response Status: 200
2026-09-09 15:53:16,811 - INFO - HTTP Request: POST http://testserver/auth/register "HTTP/1.1 200 OK"
2026-09-09 15:53:16,867 - INFO - Request: POST http://testserver/auth/register
2026-09-09 15:53:17,193 - INFO - Response Status: 200
2026-09-09 15:53:17,196 - INFO - HTTP Request: POST http://testserver/auth/register "HTTP/1.1 200 OK"
2026-09-09 15:53:17,199 - INFO - Request: POST http://testserver/auth/register
2026-09-09 15:53:17,204 - INFO - Response Status: 400
2026-09-09 15:53:17,206 - INFO - HTTP Request: POST http://testserver/auth/register "HTTP/1.1 400 Bad Request"
2026-09-09 15:53:17,258 - INFO - Request: POST http://testserver/auth/register
2026-09-09 15:53:17,556 - INFO - Response Status: 200
2026-09-09 15:53:17,558 - INFO - HTTP Request: POST http://testserver/auth/register "HTTP/1.1 200 OK"
2026-09-09 15:53:17,561 - INFO - Request: POST http://testserver/auth/login
2026-09-09 15:53:17,879 - INFO - Response Status: 200
2026-09-09 15:53:17,882 - INFO - HTTP Request: POST http://testserver/auth/login "HTTP/1.1 200 OK"
2026-09-09 15:53:17,945 - INFO - Request: POST http://testserver/auth/register
2026-09-09 15:53:18,247 - INFO - Response Status: 200
2026-09-09 15:53:18,249 - INFO - HTTP Request: POST http://testserver/auth/register "HTTP/1.1 200 OK"
2026-09-09 15:53:18,252 - INFO - Request: POST http://testserver/auth/login
2026-09-09 15:53:18,541 - INFO - Response Status: 400
2026-09-09 15:53:18,543 - INFO - HTTP Request: POST http://testserver/auth/login "HTTP/1.1 400 Bad Request"
2026-09-09 15:53:18,598 - INFO - Request: POST http://testserver/auth/register
2026-09-09 15:53:18,911 - INFO - Response Status: 200
2026-09-09 15:53:18,914 - INFO - HTTP Request: POST http://testserver/auth/register "HTTP/1.1 200 OK"
2026-09-09 15:53:18,916 - INFO - Request: POST http://testserver/auth/login
2026-09-09 15:53:19,213 - INFO - Response Status: 200
2026-09-09 15:53:19,215 - INFO - HTTP Request: POST http://testserver/auth/login "HTTP/1.1 200 OK"
2026-09-09 15:53:19,218 - INFO - Request: POST http://testserver/tasks/
2026-09-09 15:53:19,244 - INFO - User1 created task 1
2026-09-09 15:53:19,245 - INFO - Response Status: 201
2026-09-09 15:53:19,248 - INFO - HTTP Request: POST http://testserver/tasks/ "HTTP/1.1 201 Created"
2026-09-09 15:53:19,256 - INFO - Request: GET http://testserver/
2026-09-09 15:53:19,259 - INFO - Response Status: 200
2026-09-09 15:53:19,260 - INFO - HTTP Request: GET http://testserver/ "HTTP/1.1 200 OK"
2026-09-09 15:55:49,089 - INFO - Request: POST http://testserver/auth/register
2026-09-09 15:55:49,466 - INFO - Response Status: 200
2026-09-09 15:55:49,469 - INFO - HTTP Request: POST http://testserver/auth/register "HTTP/1.1 200 OK"
2026-09-09 15:55:49,525 - INFO - Request: POST http://testserver/auth/register
2026-09-09 15:55:49,836 - INFO - Response Status: 200
2026-09-09 15:55:49,839 - INFO - HTTP Request: POST http://testserver/auth/register "HTTP/1.1 200 OK"
2026-09-09 15:55:49,842 - INFO - Request: POST http://testserver/auth/register
2026-09-09 15:55:49,847 - INFO - Response Status: 400
2026-09-09 15:55:49,849 - INFO - HTTP Request: POST http://testserver/auth/register "HTTP/1.1 400 Bad Request"
2026-09-09 15:55:49,910 - INFO - Request: POST http://testserver/auth/register
2026-09-09 15:55:50,232 - INFO - Response Status: 200
2026-09-09 15:55:50,236 - INFO - HTTP Request: POST http://testserver/auth/register "HTTP/1.1 200 OK"
2026-09-09 15:55:50,240 - INFO - Request: POST http://testserver/auth/login
2026-09-09 15:55:50,586 - INFO - Response Status: 200
2026-09-09 15:55:50,589 - INFO - HTTP Request: POST http://testserver/auth/login "HTTP/1.1 200 OK"
2026-09-09 15:55:50,650 - INFO - Request: POST http://testserver/auth/register
2026-09-09 15:55:50,970 - INFO - Response Status: 200
2026-09-09 15:55:50,973 - INFO - HTTP Request: POST http://testserver/auth/register "HTTP/1.1 200 OK"
2026-09-09 15:55:50,976 - INFO - Request: POST http://testserver/auth/login
2026-09-09 15:55:51,270 - INFO - Response Status: 400
2026-09-09 15:55:51,272 - INFO - HTTP Request: POST http://testserver/auth/login "HTTP/1.1 400 Bad Request"
2026-09-09 15:55:51,331 - INFO - Request: POST http://testserver/auth/register
2026-09-09 15:55:51,649 - INFO - Response Status: 200
2026-09-09 15:55:51,651 - INFO - HTTP Request: POST http://testserver/auth/register "HTTP/1.1 200 OK"
2026-09-09 15:55:51,654 - INFO - Request: POST http://testserver/auth/login
2026-09-09 15:55:51,965 - INFO - Response Status: 200
2026-09-09 15:55:51,967 - INFO - HTTP Request: POST http://testserver/auth/login "HTTP/1.1 200 OK"
2026-09-09 15:55:51,971 - INFO - Request: POST http://testserver/tasks/
2026-09-09 15:55:51,993 - INFO - User1 created task 1
2026-09-09 15:55:51,994 - INFO - Response Status: 201
2026-09-09 15:55:51,998 - INFO - HTTP Request: POST http://testserver/tasks/ "HTTP/1.1 201 Created"
2026-09-09 15:55:52,054 - INFO - Request: POST http://testserver/tasks/
2026-09-09 15:55:52,058 - INFO - Response Status: 401
2026-09-09 15:55:52,059 - INFO - HTTP Request: POST http://testserver/tasks/ "HTTP/1.1 401 Unauthorized"
2026-09-09 15:57:36,326 - INFO - Request: POST http://testserver/auth/register
2026-09-09 15:57:36,676 - INFO - Response Status: 200
2026-09-09 15:57:36,679 - INFO - HTTP Request: POST http://testserver/auth/register "HTTP/1.1 200 OK"
2026-09-09 15:57:36,752 - INFO - Request: POST http://testserver/auth/register
2026-09-09 15:57:37,080 - INFO - Response Status: 200
2026-09-09 15:57:37,083 - INFO - HTTP Request: POST http://testserver/auth/register "HTTP/1.1 200 OK"
2026-09-09 15:57:37,085 - INFO - Request: POST http://testserver/auth/register
2026-09-09 15:57:37,090 - INFO - Response Status: 400
2026-09-09 15:57:37,092 - INFO - HTTP Request: POST http://testserver/auth/register "HTTP/1.1 400 Bad Request"
2026-09-09 15:57:37,151 - INFO - Request: POST http://testserver/auth/register
2026-09-09 15:57:37,485 - INFO - Response Status: 200
2026-09-09 15:57:37,487 - INFO - HTTP Request: POST http://testserver/auth/register "HTTP/1.1 200 OK"
2026-09-09 15:57:37,490 - INFO - Request: POST http://testserver/auth/login
2026-09-09 15:57:37,838 - INFO - Response Status: 200
2026-09-09 15:57:37,842 - INFO - HTTP Request: POST http://testserver/auth/login "HTTP/1.1 200 OK"
2026-09-09 15:57:38,003 - INFO - Request: POST http://testserver/auth/register
2026-09-09 15:57:38,336 - INFO - Response Status: 200
2026-09-09 15:57:38,338 - INFO - HTTP Request: POST http://testserver/auth/register "HTTP/1.1 200 OK"
2026-09-09 15:57:38,342 - INFO - Request: POST http://testserver/auth/login
2026-09-09 15:57:38,690 - INFO - Response Status: 400
2026-09-09 15:57:38,693 - INFO - HTTP Request: POST http://testserver/auth/login "HTTP/1.1 400 Bad Request"
2026-09-09 15:57:38,756 - INFO - Request: POST http://testserver/auth/register
2026-09-09 15:57:39,105 - INFO - Response Status: 200
2026-09-09 15:57:39,108 - INFO - HTTP Request: POST http://testserver/auth/register "HTTP/1.1 200 OK"
2026-09-09 15:57:39,111 - INFO - Request: POST http://testserver/auth/login
2026-09-09 15:57:39,420 - INFO - Response Status: 200
2026-09-09 15:57:39,423 - INFO - HTTP Request: POST http://testserver/auth/login "HTTP/1.1 200 OK"
2026-09-09 15:57:39,427 - INFO - Request: POST http://testserver/tasks/
2026-09-09 15:57:39,452 - INFO - User1 created task 1
2026-09-09 15:57:39,453 - INFO - Response Status: 201
2026-09-09 15:57:39,459 - INFO - HTTP Request: POST http://testserver/tasks/ "HTTP/1.1 201 Created"
2026-09-09 15:57:39,530 - INFO - Request: POST http://testserver/tasks/
2026-09-09 15:57:39,533 - INFO - Response Status: 401
2026-09-09 15:57:39,535 - INFO - HTTP Request: POST http://testserver/tasks/ "HTTP/1.1 401 Unauthorized"
2026-09-09 15:57:39,605 - INFO - Request: POST http://testserver/tasks/
2026-09-09 15:57:39,610 - INFO - Response Status: 401
2026-09-09 15:57:39,612 - INFO - HTTP Request: POST http://testserver/tasks/ "HTTP/1.1 401 Unauthorized"
2026-09-09 15:58:22,535 - INFO - Request: POST http://testserver/auth/register
2026-09-09 15:58:22,896 - INFO - Response Status: 200
2026-09-09 15:58:22,900 - INFO - HTTP Request: POST http://testserver/auth/register "HTTP/1.1 200 OK"
2026-09-09 15:58:22,976 - INFO - Request: POST http://testserver/auth/register
2026-09-09 15:58:23,295 - INFO - Response Status: 200
2026-09-09 15:58:23,297 - INFO - HTTP Request: POST http://testserver/auth/register "HTTP/1.1 200 OK"
2026-09-09 15:58:23,301 - INFO - Request: POST http://testserver/auth/register
2026-09-09 15:58:23,306 - INFO - Response Status: 400
2026-09-09 15:58:23,309 - INFO - HTTP Request: POST http://testserver/auth/register "HTTP/1.1 400 Bad Request"
2026-09-09 15:58:23,386 - INFO - Request: POST http://testserver/auth/register
2026-09-09 15:58:23,703 - INFO - Response Status: 200
2026-09-09 15:58:23,705 - INFO - HTTP Request: POST http://testserver/auth/register "HTTP/1.1 200 OK"
2026-09-09 15:58:23,708 - INFO - Request: POST http://testserver/auth/login
2026-09-09 15:58:24,007 - INFO - Response Status: 200
2026-09-09 15:58:24,010 - INFO - HTTP Request: POST http://testserver/auth/login "HTTP/1.1 200 OK"
2026-09-09 15:58:24,065 - INFO - Request: POST http://testserver/auth/register
2026-09-09 15:58:24,374 - INFO - Response Status: 200
2026-09-09 15:58:24,377 - INFO - HTTP Request: POST http://testserver/auth/register "HTTP/1.1 200 OK"
2026-09-09 15:58:24,380 - INFO - Request: POST http://testserver/auth/login
2026-09-09 15:58:24,696 - INFO - Response Status: 400
2026-09-09 15:58:24,698 - INFO - HTTP Request: POST http://testserver/auth/login "HTTP/1.1 400 Bad Request"
2026-09-09 15:58:24,770 - INFO - Request: POST http://testserver/auth/register
2026-09-09 15:58:25,068 - INFO - Response Status: 200
2026-09-09 15:58:25,070 - INFO - HTTP Request: POST http://testserver/auth/register "HTTP/1.1 200 OK"
2026-09-09 15:58:25,073 - INFO - Request: POST http://testserver/auth/login
2026-09-09 15:58:25,366 - INFO - Response Status: 200
2026-09-09 15:58:25,368 - INFO - HTTP Request: POST http://testserver/auth/login "HTTP/1.1 200 OK"
2026-09-09 15:58:25,371 - INFO - Request: POST http://testserver/tasks/
2026-09-09 15:58:25,393 - INFO - User1 created task 1
2026-09-09 15:58:25,394 - INFO - Response Status: 201
2026-09-09 15:58:25,398 - INFO - HTTP Request: POST http://testserver/tasks/ "HTTP/1.1 201 Created"
2026-09-09 15:58:25,462 - INFO - Request: POST http://testserver/tasks/
2026-09-09 15:58:25,466 - INFO - Response Status: 401
2026-09-09 15:58:25,468 - INFO - HTTP Request: POST http://testserver/tasks/ "HTTP/1.1 401 Unauthorized"
2026-09-09 15:58:25,535 - INFO - Request: POST http://testserver/tasks/
2026-09-09 15:58:25,539 - INFO - Response Status: 401
2026-09-09 15:58:25,541 - INFO - HTTP Request: POST http://testserver/tasks/ "HTTP/1.1 401 Unauthorized"
2026-09-09 16:03:21,990 - INFO - Request: POST http://testserver/auth/register
2026-09-09 16:03:22,353 - INFO - Response Status: 200
2026-09-09 16:03:22,356 - INFO - HTTP Request: POST http://testserver/auth/register "HTTP/1.1 200 OK"
2026-09-09 16:03:22,411 - INFO - Request: POST http://testserver/auth/register
2026-09-09 16:03:22,744 - INFO - Response Status: 200
2026-09-09 16:03:22,746 - INFO - HTTP Request: POST http://testserver/auth/register "HTTP/1.1 200 OK"
2026-09-09 16:03:22,749 - INFO - Request: POST http://testserver/auth/register
2026-09-09 16:03:22,755 - INFO - Response Status: 400
2026-09-09 16:03:22,756 - INFO - HTTP Request: POST http://testserver/auth/register "HTTP/1.1 400 Bad Request"
2026-09-09 16:03:22,812 - INFO - Request: POST http://testserver/auth/register
2026-09-09 16:03:23,119 - INFO - Response Status: 200
2026-09-09 16:03:23,121 - INFO - HTTP Request: POST http://testserver/auth/register "HTTP/1.1 200 OK"
2026-09-09 16:03:23,124 - INFO - Request: POST http://testserver/auth/login
2026-09-09 16:03:23,454 - INFO - Response Status: 200
2026-09-09 16:03:23,458 - INFO - HTTP Request: POST http://testserver/auth/login "HTTP/1.1 200 OK"
2026-09-09 16:03:23,550 - INFO - Request: POST http://testserver/auth/register
2026-09-09 16:03:23,876 - INFO - Response Status: 200
2026-09-09 16:03:23,879 - INFO - HTTP Request: POST http://testserver/auth/register "HTTP/1.1 200 OK"
2026-09-09 16:03:23,882 - INFO - Request: POST http://testserver/auth/login
2026-09-09 16:03:24,189 - INFO - Response Status: 400
2026-09-09 16:03:24,191 - INFO - HTTP Request: POST http://testserver/auth/login "HTTP/1.1 400 Bad Request"
2026-09-09 16:03:24,248 - INFO - Request: POST http://testserver/auth/register
2026-09-09 16:03:24,561 - INFO - Response Status: 200
2026-09-09 16:03:24,564 - INFO - HTTP Request: POST http://testserver/auth/register "HTTP/1.1 200 OK"
2026-09-09 16:03:24,567 - INFO - Request: POST http://testserver/auth/login
2026-09-09 16:03:24,852 - INFO - Response Status: 200
2026-09-09 16:03:24,854 - INFO - HTTP Request: POST http://testserver/auth/login "HTTP/1.1 200 OK"
2026-09-09 16:03:24,857 - INFO - Request: POST http://testserver/tasks/
2026-09-09 16:03:24,885 - INFO - User1 created task 1
2026-09-09 16:03:24,886 - INFO - Response Status: 201
2026-09-09 16:03:24,891 - INFO - HTTP Request: POST http://testserver/tasks/ "HTTP/1.1 201 Created"
2026-09-09 16:03:24,977 - INFO - Request: POST http://testserver/tasks/
2026-09-09 16:03:24,982 - INFO - Response Status: 401
2026-09-09 16:03:24,984 - INFO - HTTP Request: POST http://testserver/tasks/ "HTTP/1.1 401 Unauthorized"
2026-09-09 16:03:25,059 - INFO - Request: POST http://testserver/tasks/
2026-09-09 16:03:25,064 - INFO - Response Status: 401
2026-09-09 16:03:25,065 - INFO - HTTP Request: POST http://testserver/tasks/ "HTTP/1.1 401 Unauthorized"
2026-09-09 16:03:25,127 - INFO - Request: POST http://testserver/auth/logout
2026-09-09 16:03:25,129 - INFO - Response Status: 200
2026-09-09 16:03:25,131 - INFO - HTTP Request: POST http://testserver/auth/logout "HTTP/1.1 200 OK"
2026-09-09 16:03:45,664 - INFO - Request: POST http://testserver/auth/register
2026-09-09 16:03:46,036 - INFO - Response Status: 200
2026-09-09 16:03:46,040 - INFO - HTTP Request: POST http://testserver/auth/register "HTTP/1.1 200 OK"
2026-09-09 16:03:46,111 - INFO - Request: POST http://testserver/auth/register
2026-09-09 16:03:46,442 - INFO - Response Status: 200
2026-09-09 16:03:46,445 - INFO - HTTP Request: POST http://testserver/auth/register "HTTP/1.1 200 OK"
2026-09-09 16:03:46,447 - INFO - Request: POST http://testserver/auth/register
2026-09-09 16:03:46,452 - INFO - Response Status: 400
2026-09-09 16:03:46,455 - INFO - HTTP Request: POST http://testserver/auth/register "HTTP/1.1 400 Bad Request"
2026-09-09 16:03:46,519 - INFO - Request: POST http://testserver/auth/register
2026-09-09 16:03:46,853 - INFO - Response Status: 200
2026-09-09 16:03:46,855 - INFO - HTTP Request: POST http://testserver/auth/register "HTTP/1.1 200 OK"
2026-09-09 16:03:46,860 - INFO - Request: POST http://testserver/auth/login
2026-09-09 16:03:47,179 - INFO - Response Status: 200
2026-09-09 16:03:47,182 - INFO - HTTP Request: POST http://testserver/auth/login "HTTP/1.1 200 OK"
2026-09-09 16:03:47,239 - INFO - Request: POST http://testserver/auth/register
2026-09-09 16:03:47,566 - INFO - Response Status: 200
2026-09-09 16:03:47,568 - INFO - HTTP Request: POST http://testserver/auth/register "HTTP/1.1 200 OK"
2026-09-09 16:03:47,571 - INFO - Request: POST http://testserver/auth/login
2026-09-09 16:03:47,885 - INFO - Response Status: 400
2026-09-09 16:03:47,887 - INFO - HTTP Request: POST http://testserver/auth/login "HTTP/1.1 400 Bad Request"
2026-09-09 16:03:47,943 - INFO - Request: POST http://testserver/auth/register
2026-09-09 16:03:48,273 - INFO - Response Status: 200
2026-09-09 16:03:48,276 - INFO - HTTP Request: POST http://testserver/auth/register "HTTP/1.1 200 OK"
2026-09-09 16:03:48,280 - INFO - Request: POST http://testserver/auth/login
2026-09-09 16:03:48,606 - INFO - Response Status: 200
2026-09-09 16:03:48,608 - INFO - HTTP Request: POST http://testserver/auth/login "HTTP/1.1 200 OK"
2026-09-09 16:03:48,611 - INFO - Request: POST http://testserver/tasks/
2026-09-09 16:03:48,633 - INFO - User1 created task 1
2026-09-09 16:03:48,634 - INFO - Response Status: 201
2026-09-09 16:03:48,638 - INFO - HTTP Request: POST http://testserver/tasks/ "HTTP/1.1 201 Created"
2026-09-09 16:03:48,699 - INFO - Request: POST http://testserver/tasks/
2026-09-09 16:03:48,703 - INFO - Response Status: 401
2026-09-09 16:03:48,704 - INFO - HTTP Request: POST http://testserver/tasks/ "HTTP/1.1 401 Unauthorized"
2026-09-09 16:03:48,772 - INFO - Request: POST http://testserver/tasks/
2026-09-09 16:03:48,776 - INFO - Response Status: 401
2026-09-09 16:03:48,779 - INFO - HTTP Request: POST http://testserver/tasks/ "HTTP/1.1 401 Unauthorized"
2026-09-09 16:03:48,847 - INFO - Request: POST http://testserver/auth/logout
2026-09-09 16:03:48,849 - INFO - Response Status: 200
2026-09-09 16:03:48,851 - INFO - HTTP Request: POST http://testserver/auth/logout "HTTP/1.1 200 OK"
2026-09-09 17:44:56,615 - INFO - Request: POST http://testserver/auth/register
2026-09-09 17:44:57,024 - INFO - Response Status: 200
2026-09-09 17:44:57,028 - INFO - HTTP Request: POST http://testserver/auth/register "HTTP/1.1 200 OK"
2026-09-09 17:44:57,032 - INFO - Request: POST http://testserver/auth/login
2026-09-09 17:44:57,390 - INFO - Response Status: 200
2026-09-09 17:44:57,394 - INFO - HTTP Request: POST http://testserver/auth/login "HTTP/1.1 200 OK"
2026-09-09 17:44:57,398 - INFO - Request: POST http://testserver/tasks/
2026-09-09 17:44:57,403 - INFO - Response Status: 401
2026-09-09 17:44:57,405 - INFO - HTTP Request: POST http://testserver/tasks/ "HTTP/1.1 401 Unauthorized"
2026-09-09 17:47:34,517 - INFO - Request: POST http://testserver/auth/register
2026-09-09 17:47:34,895 - INFO - Response Status: 200
2026-09-09 17:47:34,898 - INFO - HTTP Request: POST http://testserver/auth/register "HTTP/1.1 200 OK"
2026-09-09 17:47:34,901 - INFO - Request: POST http://testserver/auth/login
2026-09-09 17:47:35,227 - INFO - Response Status: 200
2026-09-09 17:47:35,229 - INFO - HTTP Request: POST http://testserver/auth/login "HTTP/1.1 200 OK"
2026-09-09 17:47:35,232 - INFO - Request: POST http://testserver/tasks/
2026-09-09 17:47:35,237 - INFO - Response Status: 401
2026-09-09 17:47:35,238 - INFO - HTTP Request: POST http://testserver/tasks/ "HTTP/1.1 401 Unauthorized"
2026-09-09 17:48:00,835 - INFO - Request: POST http://testserver/auth/register
2026-09-09 17:48:01,327 - INFO - Response Status: 200
2026-09-09 17:48:01,330 - INFO - HTTP Request: POST http://testserver/auth/register "HTTP/1.1 200 OK"
2026-09-09 17:48:01,409 - INFO - Request: POST http://testserver/auth/register
2026-09-09 17:48:01,724 - INFO - Response Status: 200
2026-09-09 17:48:01,726 - INFO - HTTP Request: POST http://testserver/auth/register "HTTP/1.1 200 OK"
2026-09-09 17:48:01,729 - INFO - Request: POST http://testserver/auth/register
2026-09-09 17:48:01,734 - INFO - Response Status: 400
2026-09-09 17:48:01,735 - INFO - HTTP Request: POST http://testserver/auth/register "HTTP/1.1 400 Bad Request"
2026-09-09 17:48:01,784 - INFO - Request: POST http://testserver/auth/register
2026-09-09 17:48:02,192 - INFO - Response Status: 200
2026-09-09 17:48:02,194 - INFO - HTTP Request: POST http://testserver/auth/register "HTTP/1.1 200 OK"
2026-09-09 17:48:02,197 - INFO - Request: POST http://testserver/auth/login
2026-09-09 17:48:02,514 - INFO - Response Status: 200
2026-09-09 17:48:02,517 - INFO - HTTP Request: POST http://testserver/auth/login "HTTP/1.1 200 OK"
2026-09-09 17:48:02,596 - INFO - Request: POST http://testserver/auth/register
2026-09-09 17:48:02,915 - INFO - Response Status: 200
2026-09-09 17:48:02,918 - INFO - HTTP Request: POST http://testserver/auth/register "HTTP/1.1 200 OK"
2026-09-09 17:48:02,922 - INFO - Request: POST http://testserver/auth/login
2026-09-09 17:48:03,219 - INFO - Response Status: 400
2026-09-09 17:48:03,221 - INFO - HTTP Request: POST http://testserver/auth/login "HTTP/1.1 400 Bad Request"
2026-09-09 17:48:03,278 - INFO - Request: POST http://testserver/auth/register
2026-09-09 17:48:03,602 - INFO - Response Status: 200
2026-09-09 17:48:03,604 - INFO - HTTP Request: POST http://testserver/auth/register "HTTP/1.1 200 OK"
2026-09-09 17:48:03,607 - INFO - Request: POST http://testserver/auth/login
2026-09-09 17:48:03,896 - INFO - Response Status: 200
2026-09-09 17:48:03,898 - INFO - HTTP Request: POST http://testserver/auth/login "HTTP/1.1 200 OK"
2026-09-09 17:48:03,901 - INFO - Request: POST http://testserver/tasks/
2026-09-09 17:48:03,929 - INFO - User1 created task 1
2026-09-09 17:48:03,929 - INFO - Response Status: 201
2026-09-09 17:48:03,933 - INFO - HTTP Request: POST http://testserver/tasks/ "HTTP/1.1 201 Created"
2026-09-09 17:48:03,990 - INFO - Request: POST http://testserver/tasks/
2026-09-09 17:48:03,994 - INFO - Response Status: 401
2026-09-09 17:48:03,996 - INFO - HTTP Request: POST http://testserver/tasks/ "HTTP/1.1 401 Unauthorized"
2026-09-09 17:48:04,059 - INFO - Request: POST http://testserver/tasks/
2026-09-09 17:48:04,063 - INFO - Response Status: 401
2026-09-09 17:48:04,064 - INFO - HTTP Request: POST http://testserver/tasks/ "HTTP/1.1 401 Unauthorized"
2026-09-09 17:48:04,145 - INFO - Request: POST http://testserver/auth/logout
2026-09-09 17:48:04,148 - INFO - Response Status: 200
2026-09-09 17:48:04,150 - INFO - HTTP Request: POST http://testserver/auth/logout "HTTP/1.1 200 OK"
2026-09-09 17:48:04,158 - INFO - Request: GET http://testserver/
2026-09-09 17:48:04,161 - INFO - Response Status: 200
2026-09-09 17:48:04,164 - INFO - HTTP Request: GET http://testserver/ "HTTP/1.1 200 OK"
2026-09-09 17:48:04,222 - INFO - Request: POST http://testserver/auth/register
2026-09-09 17:48:04,546 - INFO - Response Status: 200
2026-09-09 17:48:04,549 - INFO - HTTP Request: POST http://testserver/auth/register "HTTP/1.1 200 OK"
2026-09-09 17:48:04,552 - INFO - Request: POST http://testserver/auth/login
2026-09-09 17:48:04,849 - INFO - Response Status: 200
2026-09-09 17:48:04,852 - INFO - HTTP Request: POST http://testserver/auth/login "HTTP/1.1 200 OK"
2026-09-09 17:48:04,854 - INFO - Request: POST http://testserver/tasks/
2026-09-09 17:48:04,857 - INFO - Response Status: 401
2026-09-09 17:48:04,859 - INFO - HTTP Request: POST http://testserver/tasks/ "HTTP/1.1 401 Unauthorized"
2026-09-09 17:49:49,044 - INFO - Request: POST http://testserver/auth/register
2026-09-09 17:49:49,403 - INFO - Response Status: 200
2026-09-09 17:49:49,406 - INFO - HTTP Request: POST http://testserver/auth/register "HTTP/1.1 200 OK"
2026-09-09 17:49:49,409 - INFO - Request: POST http://testserver/auth/login
2026-09-09 17:49:49,733 - INFO - Response Status: 200
2026-09-09 17:49:49,736 - INFO - HTTP Request: POST http://testserver/auth/login "HTTP/1.1 200 OK"
2026-09-09 17:49:49,739 - INFO - Request: POST http://testserver/tasks/
2026-09-09 17:49:49,743 - INFO - Response Status: 401
2026-09-09 17:49:49,745 - INFO - HTTP Request: POST http://testserver/tasks/ "HTTP/1.1 401 Unauthorized"
2026-09-09 17:52:27,960 - INFO - Request: POST http://testserver/auth/register
2026-09-09 17:52:28,338 - INFO - Response Status: 200
2026-09-09 17:52:28,342 - INFO - HTTP Request: POST http://testserver/auth/register "HTTP/1.1 200 OK"
2026-09-09 17:52:28,346 - INFO - Request: POST http://testserver/auth/login
2026-09-09 17:52:28,702 - INFO - Response Status: 200
2026-09-09 17:52:28,705 - INFO - HTTP Request: POST http://testserver/auth/login "HTTP/1.1 200 OK"
2026-09-09 17:52:28,709 - INFO - Request: POST http://testserver/tasks/
2026-09-09 17:52:28,714 - INFO - Response Status: 401
2026-09-09 17:52:28,717 - INFO - HTTP Request: POST http://testserver/tasks/ "HTTP/1.1 401 Unauthorized"
2026-09-09 17:54:33,454 - INFO - Request: POST http://testserver/auth/register
2026-09-09 17:54:33,813 - INFO - Response Status: 200
2026-09-09 17:54:33,816 - INFO - HTTP Request: POST http://testserver/auth/register "HTTP/1.1 200 OK"
2026-09-09 17:54:33,819 - INFO - Request: POST http://testserver/auth/login
2026-09-09 17:54:34,139 - INFO - Response Status: 200
2026-09-09 17:54:34,141 - INFO - HTTP Request: POST http://testserver/auth/login "HTTP/1.1 200 OK"
2026-09-09 17:54:34,145 - INFO - Request: POST http://testserver/tasks/
2026-09-09 17:54:34,164 - INFO - User1 created task 1
2026-09-09 17:54:34,165 - INFO - Response Status: 201
2026-09-09 17:54:34,169 - INFO - HTTP Request: POST http://testserver/tasks/ "HTTP/1.1 201 Created"
2026-09-09 17:54:42,866 - INFO - Request: POST http://testserver/auth/register
2026-09-09 17:54:43,224 - INFO - Response Status: 200
2026-09-09 17:54:43,227 - INFO - HTTP Request: POST http://testserver/auth/register "HTTP/1.1 200 OK"
2026-09-09 17:54:43,282 - INFO - Request: POST http://testserver/auth/register
2026-09-09 17:54:43,595 - INFO - Response Status: 200
2026-09-09 17:54:43,598 - INFO - HTTP Request: POST http://testserver/auth/register "HTTP/1.1 200 OK"
2026-09-09 17:54:43,601 - INFO - Request: POST http://testserver/auth/register
2026-09-09 17:54:43,606 - INFO - Response Status: 400
2026-09-09 17:54:43,608 - INFO - HTTP Request: POST http://testserver/auth/register "HTTP/1.1 400 Bad Request"
2026-09-09 17:54:43,724 - INFO - Request: POST http://testserver/auth/register
2026-09-09 17:54:44,028 - INFO - Response Status: 200
2026-09-09 17:54:44,031 - INFO - HTTP Request: POST http://testserver/auth/register "HTTP/1.1 200 OK"
2026-09-09 17:54:44,035 - INFO - Request: POST http://testserver/auth/login
2026-09-09 17:54:44,336 - INFO - Response Status: 200
2026-09-09 17:54:44,338 - INFO - HTTP Request: POST http://testserver/auth/login "HTTP/1.1 200 OK"
2026-09-09 17:54:44,391 - INFO - Request: POST http://testserver/auth/register
2026-09-09 17:54:44,712 - INFO - Response Status: 200
2026-09-09 17:54:44,715 - INFO - HTTP Request: POST http://testserver/auth/register "HTTP/1.1 200 OK"
2026-09-09 17:54:44,718 - INFO - Request: POST http://testserver/auth/login
2026-09-09 17:54:45,004 - INFO - Response Status: 400
2026-09-09 17:54:45,006 - INFO - HTTP Request: POST http://testserver/auth/login "HTTP/1.1 400 Bad Request"
2026-09-09 17:54:45,062 - INFO - Request: POST http://testserver/auth/register
2026-09-09 17:54:45,372 - INFO - Response Status: 200
2026-09-09 17:54:45,374 - INFO - HTTP Request: POST http://testserver/auth/register "HTTP/1.1 200 OK"
2026-09-09 17:54:45,378 - INFO - Request: POST http://testserver/auth/login
2026-09-09 17:54:45,666 - INFO - Response Status: 200
2026-09-09 17:54:45,669 - INFO - HTTP Request: POST http://testserver/auth/login "HTTP/1.1 200 OK"
2026-09-09 17:54:45,671 - INFO - Request: POST http://testserver/tasks/
2026-09-09 17:54:45,690 - INFO - User1 created task 1
2026-09-09 17:54:45,691 - INFO - Response Status: 201
2026-09-09 17:54:45,694 - INFO - HTTP Request: POST http://testserver/tasks/ "HTTP/1.1 201 Created"
2026-09-09 17:54:45,748 - INFO - Request: POST http://testserver/tasks/
2026-09-09 17:54:45,752 - INFO - Response Status: 401
2026-09-09 17:54:45,754 - INFO - HTTP Request: POST http://testserver/tasks/ "HTTP/1.1 401 Unauthorized"
2026-09-09 17:54:45,832 - INFO - Request: POST http://testserver/tasks/
2026-09-09 17:54:45,836 - INFO - Response Status: 401
2026-09-09 17:54:45,838 - INFO - HTTP Request: POST http://testserver/tasks/ "HTTP/1.1 401 Unauthorized"
2026-09-09 17:54:45,898 - INFO - Request: POST http://testserver/auth/logout
2026-09-09 17:54:45,901 - INFO - Response Status: 200
2026-09-09 17:54:45,904 - INFO - HTTP Request: POST http://testserver/auth/logout "HTTP/1.1 200 OK"
2026-09-09 17:54:45,917 - INFO - Request: GET http://testserver/
2026-09-09 17:54:45,921 - INFO - Response Status: 200
2026-09-09 17:54:45,924 - INFO - HTTP Request: GET http://testserver/ "HTTP/1.1 200 OK"
2026-09-09 17:54:46,013 - INFO - Request: POST http://testserver/auth/register
2026-09-09 17:54:46,336 - INFO - Response Status: 200
2026-09-09 17:54:46,339 - INFO - HTTP Request: POST http://testserver/auth/register "HTTP/1.1 200 OK"
2026-09-09 17:54:46,341 - INFO - Request: POST http://testserver/auth/login
2026-09-09 17:54:46,645 - INFO - Response Status: 200
2026-09-09 17:54:46,648 - INFO - HTTP Request: POST http://testserver/auth/login "HTTP/1.1 200 OK"
2026-09-09 17:54:46,651 - INFO - Request: POST http://testserver/tasks/
2026-09-09 17:54:46,663 - INFO - User1 created task 1
2026-09-09 17:54:46,664 - INFO - Response Status: 201
2026-09-09 17:54:46,666 - INFO - HTTP Request: POST http://testserver/tasks/ "HTTP/1.1 201 Created"
2026-09-10 10:35:31,858 - INFO - Request: POST http://testserver/auth/register
2026-09-10 10:35:32,315 - INFO - Response Status: 200
2026-09-10 10:35:32,320 - INFO - HTTP Request: POST http://testserver/auth/register "HTTP/1.1 200 OK"
2026-09-10 10:35:32,325 - INFO - Request: POST http://testserver/auth/login
2026-09-10 10:35:32,666 - INFO - Response Status: 200
2026-09-10 10:35:32,669 - INFO - HTTP Request: POST http://testserver/auth/login "HTTP/1.1 200 OK"
2026-09-10 10:35:32,672 - INFO - Request: POST http://testserver/tasks/
2026-09-10 10:35:32,693 - INFO - User1 created task 1
2026-09-10 10:35:32,694 - INFO - Response Status: 201
2026-09-10 10:35:32,696 - INFO - HTTP Request: POST http://testserver/tasks/ "HTTP/1.1 201 Created"
2026-09-10 10:38:06,845 - INFO - Request: POST http://testserver/auth/register
2026-09-10 10:38:07,250 - INFO - Response Status: 200
2026-09-10 10:38:07,253 - INFO - HTTP Request: POST http://testserver/auth/register "HTTP/1.1 200 OK"
2026-09-10 10:38:07,257 - INFO - Request: POST http://testserver/auth/login
2026-09-10 10:38:07,595 - INFO - Response Status: 200
2026-09-10 10:38:07,600 - INFO - HTTP Request: POST http://testserver/auth/login "HTTP/1.1 200 OK"
2026-09-10 10:38:07,611 - INFO - Request: POST http://testserver/tasks/
2026-09-10 10:38:07,661 - INFO - User1 created task 1
2026-09-10 10:38:07,662 - INFO - Response Status: 201
2026-09-10 10:38:07,666 - INFO - HTTP Request: POST http://testserver/tasks/ "HTTP/1.1 201 Created"
2026-09-10 10:38:07,770 - INFO - Request: POST http://testserver/auth/register
2026-09-10 10:38:08,100 - INFO - Response Status: 200
2026-09-10 10:38:08,103 - INFO - HTTP Request: POST http://testserver/auth/register "HTTP/1.1 200 OK"
2026-09-10 10:38:08,106 - INFO - Request: POST http://testserver/auth/login
2026-09-10 10:38:08,418 - INFO - Response Status: 200
2026-09-10 10:38:08,421 - INFO - HTTP Request: POST http://testserver/auth/login "HTTP/1.1 200 OK"
2026-09-10 10:38:08,423 - INFO - Request: POST http://testserver/tasks/
2026-09-10 10:38:08,437 - INFO - User1 created task 1
2026-09-10 10:38:08,438 - INFO - Response Status: 201
2026-09-10 10:38:08,440 - INFO - HTTP Request: POST http://testserver/tasks/ "HTTP/1.1 201 Created"
2026-09-10 10:38:08,443 - INFO - Request: GET http://testserver/tasks/
2026-09-10 10:38:08,456 - INFO - Response Status: 200
2026-09-10 10:38:08,458 - INFO - HTTP Request: GET http://testserver/tasks/ "HTTP/1.1 200 OK"
2026-09-10 10:40:36,981 - INFO - Request: POST http://testserver/auth/register
2026-09-10 10:40:37,371 - INFO - Response Status: 200
2026-09-10 10:40:37,374 - INFO - HTTP Request: POST http://testserver/auth/register "HTTP/1.1 200 OK"
2026-09-10 10:40:37,377 - INFO - Request: POST http://testserver/auth/login
2026-09-10 10:40:37,692 - INFO - Response Status: 200
2026-09-10 10:40:37,694 - INFO - HTTP Request: POST http://testserver/auth/login "HTTP/1.1 200 OK"
2026-09-10 10:40:37,697 - INFO - Request: POST http://testserver/tasks/
2026-09-10 10:40:37,713 - INFO - User1 created task 1
2026-09-10 10:40:37,714 - INFO - Response Status: 201
2026-09-10 10:40:37,716 - INFO - HTTP Request: POST http://testserver/tasks/ "HTTP/1.1 201 Created"
2026-09-10 10:40:37,719 - INFO - Request: POST http://testserver/auth/register
2026-09-10 10:40:38,032 - INFO - Response Status: 200
2026-09-10 10:40:38,034 - INFO - HTTP Request: POST http://testserver/auth/register "HTTP/1.1 200 OK"
2026-09-10 10:40:38,037 - INFO - Request: POST http://testserver/auth/login
2026-09-10 10:40:38,382 - INFO - Response Status: 200
2026-09-10 10:40:38,385 - INFO - HTTP Request: POST http://testserver/auth/login "HTTP/1.1 200 OK"
2026-09-10 10:40:38,388 - INFO - Request: DELETE http://testserver/tasks/1
2026-09-10 10:40:38,400 - INFO - Response Status: 403
2026-09-10 10:40:38,402 - INFO - HTTP Request: DELETE http://testserver/tasks/1 "HTTP/1.1 403 Forbidden"
2026-09-10 10:44:46,545 - INFO - Request: POST http://testserver/auth/register
2026-09-10 10:44:46,947 - INFO - Response Status: 200
2026-09-10 10:44:46,950 - INFO - HTTP Request: POST http://testserver/auth/register "HTTP/1.1 200 OK"
2026-09-10 10:44:46,953 - INFO - Request: POST http://testserver/auth/login
2026-09-10 10:44:47,303 - INFO - Response Status: 200
2026-09-10 10:44:47,307 - INFO - HTTP Request: POST http://testserver/auth/login "HTTP/1.1 200 OK"
2026-09-10 10:44:47,310 - INFO - Request: POST http://testserver/tasks/
2026-09-10 10:44:47,337 - INFO - User1 created task 1
2026-09-10 10:44:47,338 - INFO - Response Status: 201
2026-09-10 10:44:47,343 - INFO - HTTP Request: POST http://testserver/tasks/ "HTTP/1.1 201 Created"
2026-09-10 10:44:47,347 - INFO - Request: POST http://testserver/auth/register
2026-09-10 10:44:47,708 - INFO - Response Status: 200
2026-09-10 10:44:47,711 - INFO - HTTP Request: POST http://testserver/auth/register "HTTP/1.1 200 OK"
2026-09-10 10:44:47,728 - INFO - Request: POST http://testserver/auth/login
2026-09-10 10:44:48,061 - INFO - Response Status: 200
2026-09-10 10:44:48,063 - INFO - HTTP Request: POST http://testserver/auth/login "HTTP/1.1 200 OK"
2026-09-10 10:44:48,066 - INFO - Request: DELETE http://testserver/tasks/1
2026-09-10 10:44:48,076 - INFO - Response Status: 200
2026-09-10 10:44:48,078 - INFO - HTTP Request: DELETE http://testserver/tasks/1 "HTTP/1.1 200 OK"
2026-09-10 10:49:43,941 - INFO - Request: POST http://testserver/auth/register
2026-09-10 10:49:44,296 - INFO - Response Status: 200
2026-09-10 10:49:44,299 - INFO - HTTP Request: POST http://testserver/auth/register "HTTP/1.1 200 OK"
2026-09-10 10:49:44,362 - INFO - Request: POST http://testserver/auth/register
2026-09-10 10:49:44,682 - INFO - Response Status: 200
2026-09-10 10:49:44,685 - INFO - HTTP Request: POST http://testserver/auth/register "HTTP/1.1 200 OK"
2026-09-10 10:49:44,688 - INFO - Request: POST http://testserver/auth/register
2026-09-10 10:49:44,694 - INFO - Response Status: 400
2026-09-10 10:49:44,696 - INFO - HTTP Request: POST http://testserver/auth/register "HTTP/1.1 400 Bad Request"
2026-09-10 10:49:44,761 - INFO - Request: POST http://testserver/auth/register
2026-09-10 10:49:45,073 - INFO - Response Status: 200
2026-09-10 10:49:45,076 - INFO - HTTP Request: POST http://testserver/auth/register "HTTP/1.1 200 OK"
2026-09-10 10:49:45,080 - INFO - Request: POST http://testserver/auth/login
2026-09-10 10:49:45,395 - INFO - Response Status: 200
2026-09-10 10:49:45,397 - INFO - HTTP Request: POST http://testserver/auth/login "HTTP/1.1 200 OK"
2026-09-10 10:49:45,477 - INFO - Request: POST http://testserver/auth/register
2026-09-10 10:49:45,788 - INFO - Response Status: 200
2026-09-10 10:49:45,790 - INFO - HTTP Request: POST http://testserver/auth/register "HTTP/1.1 200 OK"
2026-09-10 10:49:45,793 - INFO - Request: POST http://testserver/auth/login
2026-09-10 10:49:46,078 - INFO - Response Status: 400
2026-09-10 10:49:46,080 - INFO - HTTP Request: POST http://testserver/auth/login "HTTP/1.1 400 Bad Request"
2026-09-10 10:49:46,154 - INFO - Request: POST http://testserver/auth/register
2026-09-10 10:49:46,458 - INFO - Response Status: 200
2026-09-10 10:49:46,461 - INFO - HTTP Request: POST http://testserver/auth/register "HTTP/1.1 200 OK"
2026-09-10 10:49:46,464 - INFO - Request: POST http://testserver/auth/login
2026-09-10 10:49:46,760 - INFO - Response Status: 200
2026-09-10 10:49:46,763 - INFO - HTTP Request: POST http://testserver/auth/login "HTTP/1.1 200 OK"
2026-09-10 10:49:46,766 - INFO - Request: POST http://testserver/tasks/
2026-09-10 10:49:46,783 - INFO - User1 created task 1
2026-09-10 10:49:46,784 - INFO - Response Status: 201
2026-09-10 10:49:46,787 - INFO - HTTP Request: POST http://testserver/tasks/ "HTTP/1.1 201 Created"
2026-09-10 10:49:46,847 - INFO - Request: POST http://testserver/tasks/
2026-09-10 10:49:46,849 - INFO - Response Status: 401
2026-09-10 10:49:46,851 - INFO - HTTP Request: POST http://testserver/tasks/ "HTTP/1.1 401 Unauthorized"
2026-09-10 10:49:46,916 - INFO - Request: POST http://testserver/tasks/
2026-09-10 10:49:46,920 - INFO - Response Status: 401
2026-09-10 10:49:46,922 - INFO - HTTP Request: POST http://testserver/tasks/ "HTTP/1.1 401 Unauthorized"
2026-09-10 10:49:46,990 - INFO - Request: POST http://testserver/auth/logout
2026-09-10 10:49:46,992 - INFO - Response Status: 200
2026-09-10 10:49:46,993 - INFO - HTTP Request: POST http://testserver/auth/logout "HTTP/1.1 200 OK"
2026-09-10 10:49:47,001 - INFO - Request: GET http://testserver/
2026-09-10 10:49:47,023 - INFO - Response Status: 200
2026-09-10 10:49:47,025 - INFO - HTTP Request: GET http://testserver/ "HTTP/1.1 200 OK"
2026-09-10 10:49:47,088 - INFO - Request: POST http://testserver/auth/register
2026-09-10 10:49:47,411 - INFO - Response Status: 200
2026-09-10 10:49:47,413 - INFO - HTTP Request: POST http://testserver/auth/register "HTTP/1.1 200 OK"
2026-09-10 10:49:47,416 - INFO - Request: POST http://testserver/auth/login
2026-09-10 10:49:47,723 - INFO - Response Status: 200
2026-09-10 10:49:47,725 - INFO - HTTP Request: POST http://testserver/auth/login "HTTP/1.1 200 OK"
2026-09-10 10:49:47,728 - INFO - Request: POST http://testserver/tasks/
2026-09-10 10:49:47,741 - INFO - User1 created task 1
2026-09-10 10:49:47,741 - INFO - Response Status: 201
2026-09-10 10:49:47,744 - INFO - HTTP Request: POST http://testserver/tasks/ "HTTP/1.1 201 Created"
2026-09-10 10:49:47,806 - INFO - Request: POST http://testserver/auth/register
2026-09-10 10:49:48,110 - INFO - Response Status: 200
2026-09-10 10:49:48,112 - INFO - HTTP Request: POST http://testserver/auth/register "HTTP/1.1 200 OK"
2026-09-10 10:49:48,115 - INFO - Request: POST http://testserver/auth/login
2026-09-10 10:49:48,407 - INFO - Response Status: 200
2026-09-10 10:49:48,410 - INFO - HTTP Request: POST http://testserver/auth/login "HTTP/1.1 200 OK"
2026-09-10 10:49:48,413 - INFO - Request: POST http://testserver/tasks/
2026-09-10 10:49:48,426 - INFO - User1 created task 1
2026-09-10 10:49:48,426 - INFO - Response Status: 201
2026-09-10 10:49:48,429 - INFO - HTTP Request: POST http://testserver/tasks/ "HTTP/1.1 201 Created"
2026-09-10 10:49:48,431 - INFO - Request: GET http://testserver/tasks/
2026-09-10 10:49:48,442 - INFO - Response Status: 200
2026-09-10 10:49:48,445 - INFO - HTTP Request: GET http://testserver/tasks/ "HTTP/1.1 200 OK"
2026-09-10 10:49:48,501 - INFO - Request: POST http://testserver/auth/register
2026-09-10 10:49:48,872 - INFO - Response Status: 200
2026-09-10 10:49:48,875 - INFO - HTTP Request: POST http://testserver/auth/register "HTTP/1.1 200 OK"
2026-09-10 10:49:48,877 - INFO - Request: POST http://testserver/auth/login
2026-09-10 10:49:49,172 - INFO - Response Status: 200
2026-09-10 10:49:49,175 - INFO - HTTP Request: POST http://testserver/auth/login "HTTP/1.1 200 OK"
2026-09-10 10:49:49,177 - INFO - Request: POST http://testserver/tasks/
2026-09-10 10:49:49,191 - INFO - User1 created task 1
2026-09-10 10:49:49,191 - INFO - Response Status: 201
2026-09-10 10:49:49,194 - INFO - HTTP Request: POST http://testserver/tasks/ "HTTP/1.1 201 Created"
2026-09-10 10:49:49,196 - INFO - Request: POST http://testserver/auth/register
2026-09-10 10:49:49,608 - INFO - Response Status: 200
2026-09-10 10:49:49,611 - INFO - HTTP Request: POST http://testserver/auth/register "HTTP/1.1 200 OK"
2026-09-10 10:49:49,614 - INFO - Request: POST http://testserver/auth/login
2026-09-10 10:49:49,921 - INFO - Response Status: 200
2026-09-10 10:49:49,923 - INFO - HTTP Request: POST http://testserver/auth/login "HTTP/1.1 200 OK"
2026-09-10 10:49:49,926 - INFO - Request: DELETE http://testserver/tasks/1
2026-09-10 10:49:49,933 - INFO - Response Status: 403
2026-09-10 10:49:49,935 - INFO - HTTP Request: DELETE http://testserver/tasks/1 "HTTP/1.1 403 Forbidden"
2026-09-10 10:49:50,004 - INFO - Request: POST http://testserver/auth/register
2026-09-10 10:49:50,321 - INFO - Response Status: 200
2026-09-10 10:49:50,323 - INFO - HTTP Request: POST http://testserver/auth/register "HTTP/1.1 200 OK"
2026-09-10 10:49:50,326 - INFO - Request: POST http://testserver/auth/login
2026-09-10 10:49:50,616 - INFO - Response Status: 200
2026-09-10 10:49:50,618 - INFO - HTTP Request: POST http://testserver/auth/login "HTTP/1.1 200 OK"
2026-09-10 10:49:50,621 - INFO - Request: POST http://testserver/tasks/
2026-09-10 10:49:50,632 - INFO - User1 created task 1
2026-09-10 10:49:50,633 - INFO - Response Status: 201
2026-09-10 10:49:50,635 - INFO - HTTP Request: POST http://testserver/tasks/ "HTTP/1.1 201 Created"
2026-09-10 10:49:50,638 - INFO - Request: POST http://testserver/auth/register
2026-09-10 10:49:50,936 - INFO - Response Status: 200
2026-09-10 10:49:50,939 - INFO - HTTP Request: POST http://testserver/auth/register "HTTP/1.1 200 OK"
2026-09-10 10:49:50,950 - INFO - Request: POST http://testserver/auth/login
2026-09-10 10:49:51,248 - INFO - Response Status: 200
2026-09-10 10:49:51,250 - INFO - HTTP Request: POST http://testserver/auth/login "HTTP/1.1 200 OK"
2026-09-10 10:49:51,253 - INFO - Request: DELETE http://testserver/tasks/1
2026-09-10 10:49:51,262 - INFO - Response Status: 200
2026-09-10 10:49:51,264 - INFO - HTTP Request: DELETE http://testserver/tasks/1 "HTTP/1.1 200 OK"
2026-09-10 10:49:51,323 - INFO - Request: POST http://testserver/auth/register
2026-09-10 10:49:51,643 - INFO - Response Status: 200
2026-09-10 10:49:51,645 - INFO - HTTP Request: POST http://testserver/auth/register "HTTP/1.1 200 OK"
2026-09-10 10:49:51,648 - INFO - Request: POST http://testserver/auth/login
2026-09-10 10:49:51,951 - INFO - Response Status: 200
2026-09-10 10:49:51,953 - INFO - HTTP Request: POST http://testserver/auth/login "HTTP/1.1 200 OK"
2026-09-10 10:49:51,956 - INFO - Request: POST http://testserver/tasks/
2026-09-10 10:49:51,969 - INFO - User1 created task 1
2026-09-10 10:49:51,969 - INFO - Response Status: 201
2026-09-10 10:49:51,972 - INFO - HTTP Request: POST http://testserver/tasks/ "HTTP/1.1 201 Created"
2026-09-10 10:49:51,975 - INFO - Request: PUT http://testserver/tasks/1
2026-09-10 10:49:51,988 - INFO - Response Status: 200
2026-09-10 10:49:51,990 - INFO - HTTP Request: PUT http://testserver/tasks/1 "HTTP/1.1 200 OK"
2026-09-10 10:49:51,992 - INFO - Request: POST http://testserver/tasks/
2026-09-10 10:49:52,005 - INFO - User1 created task 2
2026-09-10 10:49:52,005 - INFO - Response Status: 201
2026-09-10 10:49:52,009 - INFO - HTTP Request: POST http://testserver/tasks/ "HTTP/1.1 201 Created"
2026-09-10 10:49:52,012 - INFO - Request: GET http://testserver/tasks/?completed=true
2026-09-10 10:49:52,026 - INFO - Response Status: 200
2026-09-10 10:49:52,029 - INFO - HTTP Request: GET http://testserver/tasks/?completed=true "HTTP/1.1 200 OK"
2026-09-10 10:49:52,095 - INFO - Request: POST http://testserver/auth/register
2026-09-10 10:49:52,403 - INFO - Response Status: 200
2026-09-10 10:49:52,406 - INFO - HTTP Request: POST http://testserver/auth/register "HTTP/1.1 200 OK"
2026-09-10 10:49:52,409 - INFO - Request: POST http://testserver/auth/login
2026-09-10 10:49:52,717 - INFO - Response Status: 200
2026-09-10 10:49:52,720 - INFO - HTTP Request: POST http://testserver/auth/login "HTTP/1.1 200 OK"
2026-09-10 10:49:52,723 - INFO - Request: POST http://testserver/tasks/
2026-09-10 10:49:52,735 - INFO - User1 created task 1
2026-09-10 10:49:52,736 - INFO - Response Status: 201
2026-09-10 10:49:52,739 - INFO - HTTP Request: POST http://testserver/tasks/ "HTTP/1.1 201 Created"
2026-09-10 10:49:52,742 - INFO - Request: POST http://testserver/tasks/
2026-09-10 10:49:52,751 - INFO - User1 created task 2
2026-09-10 10:49:52,752 - INFO - Response Status: 201
2026-09-10 10:49:52,754 - INFO - HTTP Request: POST http://testserver/tasks/ "HTTP/1.1 201 Created"
2026-09-10 10:49:52,758 - INFO - Request: GET http://testserver/tasks/?search=FastAPI
2026-09-10 10:49:52,771 - INFO - Response Status: 200
2026-09-10 10:49:52,774 - INFO - HTTP Request: GET http://testserver/tasks/?search=FastAPI "HTTP/1.1 200 OK"
2026-09-10 10:49:52,836 - INFO - Request: POST http://testserver/auth/register
2026-09-10 10:49:53,146 - INFO - Response Status: 200
2026-09-10 10:49:53,149 - INFO - HTTP Request: POST http://testserver/auth/register "HTTP/1.1 200 OK"
2026-09-10 10:49:53,152 - INFO - Request: POST http://testserver/auth/login
2026-09-10 10:49:53,455 - INFO - Response Status: 200
2026-09-10 10:49:53,457 - INFO - HTTP Request: POST http://testserver/auth/login "HTTP/1.1 200 OK"
2026-09-10 10:49:53,459 - INFO - Request: POST http://testserver/tasks/
2026-09-10 10:49:53,472 - INFO - User1 created task 1
2026-09-10 10:49:53,472 - INFO - Response Status: 201
2026-09-10 10:49:53,475 - INFO - HTTP Request: POST http://testserver/tasks/ "HTTP/1.1 201 Created"
2026-09-10 10:49:53,477 - INFO - Request: POST http://testserver/tasks/
2026-09-10 10:49:53,485 - INFO - User1 created task 2
2026-09-10 10:49:53,486 - INFO - Response Status: 201
2026-09-10 10:49:53,488 - INFO - HTTP Request: POST http://testserver/tasks/ "HTTP/1.1 201 Created"
2026-09-10 10:49:53,490 - INFO - Request: POST http://testserver/tasks/
2026-09-10 10:49:53,498 - INFO - User1 created task 3
2026-09-10 10:49:53,499 - INFO - Response Status: 201
2026-09-10 10:49:53,501 - INFO - HTTP Request: POST http://testserver/tasks/ "HTTP/1.1 201 Created"
2026-09-10 10:49:53,503 - INFO - Request: GET http://testserver/tasks/?page=1&limit=2
2026-09-10 10:49:53,511 - INFO - Response Status: 200
2026-09-10 10:49:53,514 - INFO - HTTP Request: GET http://testserver/tasks/?page=1&limit=2 "HTTP/1.1 200 OK"
2026-09-10 10:49:53,572 - INFO - Request: POST http://testserver/auth/register
2026-09-10 10:49:53,893 - INFO - Response Status: 200
2026-09-10 10:49:53,895 - INFO - HTTP Request: POST http://testserver/auth/register "HTTP/1.1 200 OK"
2026-09-10 10:49:53,898 - INFO - Request: POST http://testserver/auth/login
2026-09-10 10:49:54,195 - INFO - Response Status: 200
2026-09-10 10:49:54,197 - INFO - HTTP Request: POST http://testserver/auth/login "HTTP/1.1 200 OK"
2026-09-10 10:49:54,200 - INFO - Request: POST http://testserver/tasks/
2026-09-10 10:49:54,214 - INFO - User1 created task 1
2026-09-10 10:49:54,214 - INFO - Response Status: 201
2026-09-10 10:49:54,217 - INFO - HTTP Request: POST http://testserver/tasks/ "HTTP/1.1 201 Created"
2026-09-10 10:49:54,220 - INFO - Request: POST http://testserver/tasks/
2026-09-10 10:49:54,228 - INFO - User1 created task 2
2026-09-10 10:49:54,229 - INFO - Response Status: 201
2026-09-10 10:49:54,231 - INFO - HTTP Request: POST http://testserver/tasks/ "HTTP/1.1 201 Created"
2026-09-10 10:49:54,234 - INFO - Request: POST http://testserver/tasks/
2026-09-10 10:49:54,241 - INFO - User1 created task 3
2026-09-10 10:49:54,242 - INFO - Response Status: 201
2026-09-10 10:49:54,244 - INFO - HTTP Request: POST http://testserver/tasks/ "HTTP/1.1 201 Created"
2026-09-10 10:49:54,247 - INFO - Request: GET http://testserver/tasks/?page=2&limit=2
2026-09-10 10:49:54,253 - INFO - Response Status: 200
2026-09-10 10:49:54,255 - INFO - HTTP Request: GET http://testserver/tasks/?page=2&limit=2 "HTTP/1.1 200 OK"
2026-09-10 10:49:54,310 - INFO - Request: POST http://testserver/auth/register
2026-09-10 10:49:54,621 - INFO - Response Status: 200
2026-09-10 10:49:54,624 - INFO - HTTP Request: POST http://testserver/auth/register "HTTP/1.1 200 OK"
2026-09-10 10:49:54,626 - INFO - Request: POST http://testserver/auth/login
2026-09-10 10:49:54,917 - INFO - Response Status: 200
2026-09-10 10:49:54,919 - INFO - HTTP Request: POST http://testserver/auth/login "HTTP/1.1 200 OK"
2026-09-10 10:49:54,922 - INFO - Request: POST http://testserver/tasks/
2026-09-10 10:49:54,934 - INFO - User1 created task 1
2026-09-10 10:49:54,935 - INFO - Response Status: 201
2026-09-10 10:49:54,937 - INFO - HTTP Request: POST http://testserver/tasks/ "HTTP/1.1 201 Created"
2026-09-10 10:49:54,940 - INFO - Request: PUT http://testserver/tasks/1
2026-09-10 10:49:54,948 - INFO - Response Status: 200
2026-09-10 10:49:54,950 - INFO - HTTP Request: PUT http://testserver/tasks/1 "HTTP/1.1 200 OK"
2026-09-10 10:49:55,227 - INFO - Request: POST http://testserver/auth/register
2026-09-10 10:49:55,532 - INFO - Response Status: 200
2026-09-10 10:49:55,534 - INFO - HTTP Request: POST http://testserver/auth/register "HTTP/1.1 200 OK"
2026-09-10 10:49:55,537 - INFO - Request: POST http://testserver/auth/login
2026-09-10 10:49:55,846 - INFO - Response Status: 200
2026-09-10 10:49:55,849 - INFO - HTTP Request: POST http://testserver/auth/login "HTTP/1.1 200 OK"
2026-09-10 10:49:55,852 - INFO - Request: POST http://testserver/tasks/
2026-09-10 10:49:55,865 - INFO - User1 created task 1
2026-09-10 10:49:55,866 - INFO - Response Status: 201
2026-09-10 10:49:55,868 - INFO - HTTP Request: POST http://testserver/tasks/ "HTTP/1.1 201 Created"
2026-09-10 10:49:55,871 - INFO - Request: DELETE http://testserver/tasks/1
2026-09-10 10:49:55,879 - INFO - Response Status: 200
2026-09-10 10:49:55,882 - INFO - HTTP Request: DELETE http://testserver/tasks/1 "HTTP/1.1 200 OK"
2026-09-10 10:49:55,941 - INFO - Request: POST http://testserver/auth/register
2026-09-10 10:49:56,256 - INFO - Response Status: 200
2026-09-10 10:49:56,258 - INFO - HTTP Request: POST http://testserver/auth/register "HTTP/1.1 200 OK"
2026-09-10 10:49:56,261 - INFO - Request: POST http://testserver/auth/login
2026-09-10 10:49:56,565 - INFO - Response Status: 200
2026-09-10 10:49:56,567 - INFO - HTTP Request: POST http://testserver/auth/login "HTTP/1.1 200 OK"
2026-09-10 10:49:56,570 - INFO - Request: DELETE http://testserver/tasks/99999
2026-09-10 10:49:56,581 - INFO - Response Status: 404
2026-09-10 10:49:56,583 - INFO - HTTP Request: DELETE http://testserver/tasks/99999 "HTTP/1.1 404 Not Found"
2026-09-10 10:49:56,636 - INFO - Request: POST http://testserver/auth/register
2026-09-10 10:49:56,950 - INFO - Response Status: 200
2026-09-10 10:49:56,952 - INFO - HTTP Request: POST http://testserver/auth/register "HTTP/1.1 200 OK"
2026-09-10 10:49:56,955 - INFO - Request: POST http://testserver/auth/login
2026-09-10 10:49:57,280 - INFO - Response Status: 200
2026-09-10 10:49:57,282 - INFO - HTTP Request: POST http://testserver/auth/login "HTTP/1.1 200 OK"
2026-09-10 10:49:57,285 - INFO - Request: POST http://testserver/tasks/
2026-09-10 10:49:57,297 - INFO - User1 created task 1
2026-09-10 10:49:57,298 - INFO - Response Status: 201
2026-09-10 10:49:57,301 - INFO - HTTP Request: POST http://testserver/tasks/ "HTTP/1.1 201 Created"
2026-09-10 10:49:57,304 - INFO - Request: POST http://testserver/auth/register
2026-09-10 10:49:57,634 - INFO - Response Status: 200
2026-09-10 10:49:57,637 - INFO - HTTP Request: POST http://testserver/auth/register "HTTP/1.1 200 OK"
2026-09-10 10:49:57,639 - INFO - Request: POST http://testserver/auth/login
2026-09-10 10:49:57,938 - INFO - Response Status: 200
2026-09-10 10:49:57,941 - INFO - HTTP Request: POST http://testserver/auth/login "HTTP/1.1 200 OK"
2026-09-10 10:49:57,943 - INFO - Request: POST http://testserver/tasks/
2026-09-10 10:49:57,952 - INFO - User2 created task 2
2026-09-10 10:49:57,953 - INFO - Response Status: 201
2026-09-10 10:49:57,955 - INFO - HTTP Request: POST http://testserver/tasks/ "HTTP/1.1 201 Created"
2026-09-10 10:49:57,958 - INFO - Request: GET http://testserver/tasks/
2026-09-10 10:49:57,965 - INFO - Response Status: 200
2026-09-10 10:49:57,968 - INFO - HTTP Request: GET http://testserver/tasks/ "HTTP/1.1 200 OK"
2026-09-10 10:52:41,867 - INFO - Request: POST http://testserver/auth/register
2026-09-10 10:52:42,255 - INFO - Response Status: 200
2026-09-10 10:52:42,258 - INFO - HTTP Request: POST http://testserver/auth/register "HTTP/1.1 200 OK"
2026-09-10 10:52:42,274 - INFO - Request: POST http://testserver/auth/login
2026-09-10 10:52:42,607 - INFO - Response Status: 200
2026-09-10 10:52:42,612 - INFO - HTTP Request: POST http://testserver/auth/login "HTTP/1.1 200 OK"
2026-09-10 10:52:42,616 - INFO - Request: POST http://testserver/tasks/
2026-09-10 10:52:42,637 - INFO - User1 created task 1
2026-09-10 10:52:42,638 - INFO - Response Status: 201
2026-09-10 10:52:42,641 - INFO - HTTP Request: POST http://testserver/tasks/ "HTTP/1.1 201 Created"
2026-09-10 10:52:42,645 - INFO - Request: PUT http://testserver/tasks/1
2026-09-10 10:52:42,658 - INFO - Response Status: 200
2026-09-10 10:52:42,661 - INFO - HTTP Request: PUT http://testserver/tasks/1 "HTTP/1.1 200 OK"
2026-09-10 10:52:56,981 - INFO - Request: POST http://testserver/auth/register
2026-09-10 10:52:57,334 - INFO - Response Status: 200
2026-09-10 10:52:57,338 - INFO - HTTP Request: POST http://testserver/auth/register "HTTP/1.1 200 OK"
2026-09-10 10:52:57,402 - INFO - Request: POST http://testserver/auth/register
2026-09-10 10:52:57,716 - INFO - Response Status: 200
2026-09-10 10:52:57,719 - INFO - HTTP Request: POST http://testserver/auth/register "HTTP/1.1 200 OK"
2026-09-10 10:52:57,723 - INFO - Request: POST http://testserver/auth/register
2026-09-10 10:52:57,728 - INFO - Response Status: 400
2026-09-10 10:52:57,730 - INFO - HTTP Request: POST http://testserver/auth/register "HTTP/1.1 400 Bad Request"
2026-09-10 10:52:57,788 - INFO - Request: POST http://testserver/auth/register
2026-09-10 10:52:58,112 - INFO - Response Status: 200
2026-09-10 10:52:58,115 - INFO - HTTP Request: POST http://testserver/auth/register "HTTP/1.1 200 OK"
2026-09-10 10:52:58,118 - INFO - Request: POST http://testserver/auth/login
2026-09-10 10:52:58,416 - INFO - Response Status: 200
2026-09-10 10:52:58,418 - INFO - HTTP Request: POST http://testserver/auth/login "HTTP/1.1 200 OK"
2026-09-10 10:52:58,473 - INFO - Request: POST http://testserver/auth/register
2026-09-10 10:52:58,788 - INFO - Response Status: 200
2026-09-10 10:52:58,791 - INFO - HTTP Request: POST http://testserver/auth/register "HTTP/1.1 200 OK"
2026-09-10 10:52:58,793 - INFO - Request: POST http://testserver/auth/login
2026-09-10 10:52:59,100 - INFO - Response Status: 400
2026-09-10 10:52:59,184 - INFO - HTTP Request: POST http://testserver/auth/login "HTTP/1.1 400 Bad Request"
2026-09-10 10:52:59,266 - INFO - Request: POST http://testserver/auth/register
2026-09-10 10:52:59,589 - INFO - Response Status: 200
2026-09-10 10:52:59,592 - INFO - HTTP Request: POST http://testserver/auth/register "HTTP/1.1 200 OK"
2026-09-10 10:52:59,596 - INFO - Request: POST http://testserver/auth/login
2026-09-10 10:52:59,903 - INFO - Response Status: 200
2026-09-10 10:52:59,906 - INFO - HTTP Request: POST http://testserver/auth/login "HTTP/1.1 200 OK"
2026-09-10 10:52:59,909 - INFO - Request: POST http://testserver/tasks/
2026-09-10 10:52:59,930 - INFO - User1 created task 1
2026-09-10 10:52:59,931 - INFO - Response Status: 201
2026-09-10 10:52:59,934 - INFO - HTTP Request: POST http://testserver/tasks/ "HTTP/1.1 201 Created"
2026-09-10 10:52:59,993 - INFO - Request: POST http://testserver/tasks/
2026-09-10 10:52:59,996 - INFO - Response Status: 401
2026-09-10 10:52:59,998 - INFO - HTTP Request: POST http://testserver/tasks/ "HTTP/1.1 401 Unauthorized"
2026-09-10 10:53:00,071 - INFO - Request: POST http://testserver/tasks/
2026-09-10 10:53:00,074 - INFO - Response Status: 401
2026-09-10 10:53:00,076 - INFO - HTTP Request: POST http://testserver/tasks/ "HTTP/1.1 401 Unauthorized"
2026-09-10 10:53:00,141 - INFO - Request: POST http://testserver/auth/logout
2026-09-10 10:53:00,144 - INFO - Response Status: 200
2026-09-10 10:53:00,146 - INFO - HTTP Request: POST http://testserver/auth/logout "HTTP/1.1 200 OK"
2026-09-10 10:53:00,157 - INFO - Request: GET http://testserver/
2026-09-10 10:53:00,160 - INFO - Response Status: 200
2026-09-10 10:53:00,164 - INFO - HTTP Request: GET http://testserver/ "HTTP/1.1 200 OK"
2026-09-10 10:53:00,245 - INFO - Request: POST http://testserver/auth/register
2026-09-10 10:53:00,571 - INFO - Response Status: 200
2026-09-10 10:53:00,573 - INFO - HTTP Request: POST http://testserver/auth/register "HTTP/1.1 200 OK"
2026-09-10 10:53:00,576 - INFO - Request: POST http://testserver/auth/login
2026-09-10 10:53:00,888 - INFO - Response Status: 200
2026-09-10 10:53:00,891 - INFO - HTTP Request: POST http://testserver/auth/login "HTTP/1.1 200 OK"
2026-09-10 10:53:00,894 - INFO - Request: POST http://testserver/tasks/
2026-09-10 10:53:00,908 - INFO - User1 created task 1
2026-09-10 10:53:00,909 - INFO - Response Status: 201
2026-09-10 10:53:00,911 - INFO - HTTP Request: POST http://testserver/tasks/ "HTTP/1.1 201 Created"
2026-09-10 10:53:00,975 - INFO - Request: POST http://testserver/auth/register
2026-09-10 10:53:01,288 - INFO - Response Status: 200
2026-09-10 10:53:01,290 - INFO - HTTP Request: POST http://testserver/auth/register "HTTP/1.1 200 OK"
2026-09-10 10:53:01,293 - INFO - Request: POST http://testserver/auth/login
2026-09-10 10:53:01,597 - INFO - Response Status: 200
2026-09-10 10:53:01,600 - INFO - HTTP Request: POST http://testserver/auth/login "HTTP/1.1 200 OK"
2026-09-10 10:53:01,602 - INFO - Request: POST http://testserver/tasks/
2026-09-10 10:53:01,615 - INFO - User1 created task 1
2026-09-10 10:53:01,616 - INFO - Response Status: 201
2026-09-10 10:53:01,618 - INFO - HTTP Request: POST http://testserver/tasks/ "HTTP/1.1 201 Created"
2026-09-10 10:53:01,620 - INFO - Request: GET http://testserver/tasks/
2026-09-10 10:53:01,631 - INFO - Response Status: 200
2026-09-10 10:53:01,634 - INFO - HTTP Request: GET http://testserver/tasks/ "HTTP/1.1 200 OK"
2026-09-10 10:53:01,694 - INFO - Request: POST http://testserver/auth/register
2026-09-10 10:53:02,006 - INFO - Response Status: 200
2026-09-10 10:53:02,008 - INFO - HTTP Request: POST http://testserver/auth/register "HTTP/1.1 200 OK"
2026-09-10 10:53:02,011 - INFO - Request: POST http://testserver/auth/login
2026-09-10 10:53:02,311 - INFO - Response Status: 200
2026-09-10 10:53:02,313 - INFO - HTTP Request: POST http://testserver/auth/login "HTTP/1.1 200 OK"
2026-09-10 10:53:02,316 - INFO - Request: POST http://testserver/tasks/
2026-09-10 10:53:02,328 - INFO - User1 created task 1
2026-09-10 10:53:02,329 - INFO - Response Status: 201
2026-09-10 10:53:02,331 - INFO - HTTP Request: POST http://testserver/tasks/ "HTTP/1.1 201 Created"
2026-09-10 10:53:02,334 - INFO - Request: POST http://testserver/auth/register
2026-09-10 10:53:02,640 - INFO - Response Status: 200
2026-09-10 10:53:02,642 - INFO - HTTP Request: POST http://testserver/auth/register "HTTP/1.1 200 OK"
2026-09-10 10:53:02,645 - INFO - Request: POST http://testserver/auth/login
2026-09-10 10:53:02,934 - INFO - Response Status: 200
2026-09-10 10:53:02,936 - INFO - HTTP Request: POST http://testserver/auth/login "HTTP/1.1 200 OK"
2026-09-10 10:53:02,939 - INFO - Request: DELETE http://testserver/tasks/1
2026-09-10 10:53:02,947 - INFO - Response Status: 403
2026-09-10 10:53:02,949 - INFO - HTTP Request: DELETE http://testserver/tasks/1 "HTTP/1.1 403 Forbidden"
2026-09-10 10:53:03,009 - INFO - Request: POST http://testserver/auth/register
2026-09-10 10:53:03,331 - INFO - Response Status: 200
2026-09-10 10:53:03,334 - INFO - HTTP Request: POST http://testserver/auth/register "HTTP/1.1 200 OK"
2026-09-10 10:53:03,337 - INFO - Request: POST http://testserver/auth/login
2026-09-10 10:53:03,631 - INFO - Response Status: 200
2026-09-10 10:53:03,633 - INFO - HTTP Request: POST http://testserver/auth/login "HTTP/1.1 200 OK"
2026-09-10 10:53:03,636 - INFO - Request: POST http://testserver/tasks/
2026-09-10 10:53:03,649 - INFO - User1 created task 1
2026-09-10 10:53:03,650 - INFO - Response Status: 201
2026-09-10 10:53:03,652 - INFO - HTTP Request: POST http://testserver/tasks/ "HTTP/1.1 201 Created"
2026-09-10 10:53:03,655 - INFO - Request: POST http://testserver/auth/register
2026-09-10 10:53:03,962 - INFO - Response Status: 200
2026-09-10 10:53:03,964 - INFO - HTTP Request: POST http://testserver/auth/register "HTTP/1.1 200 OK"
2026-09-10 10:53:03,978 - INFO - Request: POST http://testserver/auth/login
2026-09-10 10:53:04,297 - INFO - Response Status: 200
2026-09-10 10:53:04,299 - INFO - HTTP Request: POST http://testserver/auth/login "HTTP/1.1 200 OK"
2026-09-10 10:53:04,302 - INFO - Request: DELETE http://testserver/tasks/1
2026-09-10 10:53:04,311 - INFO - Response Status: 200
2026-09-10 10:53:04,313 - INFO - HTTP Request: DELETE http://testserver/tasks/1 "HTTP/1.1 200 OK"
2026-09-10 10:53:04,371 - INFO - Request: POST http://testserver/auth/register
2026-09-10 10:53:04,680 - INFO - Response Status: 200
2026-09-10 10:53:04,682 - INFO - HTTP Request: POST http://testserver/auth/register "HTTP/1.1 200 OK"
2026-09-10 10:53:04,685 - INFO - Request: POST http://testserver/auth/login
2026-09-10 10:53:04,979 - INFO - Response Status: 200
2026-09-10 10:53:04,982 - INFO - HTTP Request: POST http://testserver/auth/login "HTTP/1.1 200 OK"
2026-09-10 10:53:04,984 - INFO - Request: POST http://testserver/tasks/
2026-09-10 10:53:04,996 - INFO - User1 created task 1
2026-09-10 10:53:04,997 - INFO - Response Status: 201
2026-09-10 10:53:05,000 - INFO - HTTP Request: POST http://testserver/tasks/ "HTTP/1.1 201 Created"
2026-09-10 10:53:05,002 - INFO - Request: PUT http://testserver/tasks/1
2026-09-10 10:53:05,011 - INFO - Response Status: 200
2026-09-10 10:53:05,014 - INFO - HTTP Request: PUT http://testserver/tasks/1 "HTTP/1.1 200 OK"
2026-09-10 10:53:05,016 - INFO - Request: POST http://testserver/tasks/
2026-09-10 10:53:05,025 - INFO - User1 created task 2
2026-09-10 10:53:05,025 - INFO - Response Status: 201
2026-09-10 10:53:05,028 - INFO - HTTP Request: POST http://testserver/tasks/ "HTTP/1.1 201 Created"
2026-09-10 10:53:05,030 - INFO - Request: GET http://testserver/tasks/?completed=true
2026-09-10 10:53:05,039 - INFO - Response Status: 200
2026-09-10 10:53:05,042 - INFO - HTTP Request: GET http://testserver/tasks/?completed=true "HTTP/1.1 200 OK"
2026-09-10 10:53:05,103 - INFO - Request: POST http://testserver/auth/register
2026-09-10 10:53:05,426 - INFO - Response Status: 200
2026-09-10 10:53:05,428 - INFO - HTTP Request: POST http://testserver/auth/register "HTTP/1.1 200 OK"
2026-09-10 10:53:05,431 - INFO - Request: POST http://testserver/auth/login
2026-09-10 10:53:05,730 - INFO - Response Status: 200
2026-09-10 10:53:05,732 - INFO - HTTP Request: POST http://testserver/auth/login "HTTP/1.1 200 OK"
2026-09-10 10:53:05,735 - INFO - Request: POST http://testserver/tasks/
2026-09-10 10:53:05,747 - INFO - User1 created task 1
2026-09-10 10:53:05,748 - INFO - Response Status: 201
2026-09-10 10:53:05,750 - INFO - HTTP Request: POST http://testserver/tasks/ "HTTP/1.1 201 Created"
2026-09-10 10:53:05,752 - INFO - Request: POST http://testserver/tasks/
2026-09-10 10:53:05,760 - INFO - User1 created task 2
2026-09-10 10:53:05,761 - INFO - Response Status: 201
2026-09-10 10:53:05,763 - INFO - HTTP Request: POST http://testserver/tasks/ "HTTP/1.1 201 Created"
2026-09-10 10:53:05,765 - INFO - Request: GET http://testserver/tasks/?search=FastAPI
2026-09-10 10:53:05,775 - INFO - Response Status: 200
2026-09-10 10:53:05,778 - INFO - HTTP Request: GET http://testserver/tasks/?search=FastAPI "HTTP/1.1 200 OK"
2026-09-10 10:53:05,837 - INFO - Request: POST http://testserver/auth/register
2026-09-10 10:53:06,142 - INFO - Response Status: 200
2026-09-10 10:53:06,144 - INFO - HTTP Request: POST http://testserver/auth/register "HTTP/1.1 200 OK"
2026-09-10 10:53:06,147 - INFO - Request: POST http://testserver/auth/login
2026-09-10 10:53:06,442 - INFO - Response Status: 200
2026-09-10 10:53:06,445 - INFO - HTTP Request: POST http://testserver/auth/login "HTTP/1.1 200 OK"
2026-09-10 10:53:06,447 - INFO - Request: POST http://testserver/tasks/
2026-09-10 10:53:06,460 - INFO - User1 created task 1
2026-09-10 10:53:06,461 - INFO - Response Status: 201
2026-09-10 10:53:06,463 - INFO - HTTP Request: POST http://testserver/tasks/ "HTTP/1.1 201 Created"
2026-09-10 10:53:06,466 - INFO - Request: POST http://testserver/tasks/
2026-09-10 10:53:06,473 - INFO - User1 created task 2
2026-09-10 10:53:06,474 - INFO - Response Status: 201
2026-09-10 10:53:06,476 - INFO - HTTP Request: POST http://testserver/tasks/ "HTTP/1.1 201 Created"
2026-09-10 10:53:06,479 - INFO - Request: POST http://testserver/tasks/
2026-09-10 10:53:06,487 - INFO - User1 created task 3
2026-09-10 10:53:06,487 - INFO - Response Status: 201
2026-09-10 10:53:06,489 - INFO - HTTP Request: POST http://testserver/tasks/ "HTTP/1.1 201 Created"
2026-09-10 10:53:06,492 - INFO - Request: GET http://testserver/tasks/?page=1&limit=2
2026-09-10 10:53:06,499 - INFO - Response Status: 200
2026-09-10 10:53:06,502 - INFO - HTTP Request: GET http://testserver/tasks/?page=1&limit=2 "HTTP/1.1 200 OK"
2026-09-10 10:53:06,564 - INFO - Request: POST http://testserver/auth/register
2026-09-10 10:53:06,873 - INFO - Response Status: 200
2026-09-10 10:53:06,875 - INFO - HTTP Request: POST http://testserver/auth/register "HTTP/1.1 200 OK"
2026-09-10 10:53:06,877 - INFO - Request: POST http://testserver/auth/login
2026-09-10 10:53:07,187 - INFO - Response Status: 200
2026-09-10 10:53:07,189 - INFO - HTTP Request: POST http://testserver/auth/login "HTTP/1.1 200 OK"
2026-09-10 10:53:07,192 - INFO - Request: POST http://testserver/tasks/
2026-09-10 10:53:07,204 - INFO - User1 created task 1
2026-09-10 10:53:07,205 - INFO - Response Status: 201
2026-09-10 10:53:07,207 - INFO - HTTP Request: POST http://testserver/tasks/ "HTTP/1.1 201 Created"
2026-09-10 10:53:07,209 - INFO - Request: POST http://testserver/tasks/
2026-09-10 10:53:07,217 - INFO - User1 created task 2
2026-09-10 10:53:07,218 - INFO - Response Status: 201
2026-09-10 10:53:07,220 - INFO - HTTP Request: POST http://testserver/tasks/ "HTTP/1.1 201 Created"
2026-09-10 10:53:07,223 - INFO - Request: POST http://testserver/tasks/
2026-09-10 10:53:07,231 - INFO - User1 created task 3
2026-09-10 10:53:07,231 - INFO - Response Status: 201
2026-09-10 10:53:07,234 - INFO - HTTP Request: POST http://testserver/tasks/ "HTTP/1.1 201 Created"
2026-09-10 10:53:07,236 - INFO - Request: GET http://testserver/tasks/?page=2&limit=2
2026-09-10 10:53:07,243 - INFO - Response Status: 200
2026-09-10 10:53:07,247 - INFO - HTTP Request: GET http://testserver/tasks/?page=2&limit=2 "HTTP/1.1 200 OK"
2026-09-10 10:53:07,315 - INFO - Request: POST http://testserver/auth/register
2026-09-10 10:53:07,625 - INFO - Response Status: 200
2026-09-10 10:53:07,628 - INFO - HTTP Request: POST http://testserver/auth/register "HTTP/1.1 200 OK"
2026-09-10 10:53:07,631 - INFO - Request: POST http://testserver/auth/login
2026-09-10 10:53:07,923 - INFO - Response Status: 200
2026-09-10 10:53:07,925 - INFO - HTTP Request: POST http://testserver/auth/login "HTTP/1.1 200 OK"
2026-09-10 10:53:07,928 - INFO - Request: POST http://testserver/tasks/
2026-09-10 10:53:07,940 - INFO - User1 created task 1
2026-09-10 10:53:07,941 - INFO - Response Status: 201
2026-09-10 10:53:07,943 - INFO - HTTP Request: POST http://testserver/tasks/ "HTTP/1.1 201 Created"
2026-09-10 10:53:07,946 - INFO - Request: PUT http://testserver/tasks/1
2026-09-10 10:53:07,955 - INFO - Response Status: 200
2026-09-10 10:53:07,957 - INFO - HTTP Request: PUT http://testserver/tasks/1 "HTTP/1.1 200 OK"
2026-09-10 10:53:08,015 - INFO - Request: POST http://testserver/auth/register
2026-09-10 10:53:08,337 - INFO - Response Status: 200
2026-09-10 10:53:08,340 - INFO - HTTP Request: POST http://testserver/auth/register "HTTP/1.1 200 OK"
2026-09-10 10:53:08,342 - INFO - Request: POST http://testserver/auth/login
2026-09-10 10:53:08,635 - INFO - Response Status: 200
2026-09-10 10:53:08,638 - INFO - HTTP Request: POST http://testserver/auth/login "HTTP/1.1 200 OK"
2026-09-10 10:53:08,640 - INFO - Request: POST http://testserver/tasks/
2026-09-10 10:53:08,652 - INFO - User1 created task 1
2026-09-10 10:53:08,653 - INFO - Response Status: 201
2026-09-10 10:53:08,655 - INFO - HTTP Request: POST http://testserver/tasks/ "HTTP/1.1 201 Created"
2026-09-10 10:53:08,658 - INFO - Request: DELETE http://testserver/tasks/1
2026-09-10 10:53:08,667 - INFO - Response Status: 200
2026-09-10 10:53:08,669 - INFO - HTTP Request: DELETE http://testserver/tasks/1 "HTTP/1.1 200 OK"
2026-09-10 10:53:08,760 - INFO - Request: POST http://testserver/auth/register
2026-09-10 10:53:09,078 - INFO - Response Status: 200
2026-09-10 10:53:09,080 - INFO - HTTP Request: POST http://testserver/auth/register "HTTP/1.1 200 OK"
2026-09-10 10:53:09,083 - INFO - Request: POST http://testserver/auth/login
2026-09-10 10:53:09,374 - INFO - Response Status: 200
2026-09-10 10:53:09,377 - INFO - HTTP Request: POST http://testserver/auth/login "HTTP/1.1 200 OK"
2026-09-10 10:53:09,380 - INFO - Request: DELETE http://testserver/tasks/99999
2026-09-10 10:53:09,388 - INFO - Response Status: 404
2026-09-10 10:53:09,389 - INFO - HTTP Request: DELETE http://testserver/tasks/99999 "HTTP/1.1 404 Not Found"
2026-09-10 10:53:09,451 - INFO - Request: POST http://testserver/auth/register
2026-09-10 10:53:09,755 - INFO - Response Status: 200
2026-09-10 10:53:09,758 - INFO - HTTP Request: POST http://testserver/auth/register "HTTP/1.1 200 OK"
2026-09-10 10:53:09,761 - INFO - Request: POST http://testserver/auth/login
2026-09-10 10:53:10,043 - INFO - Response Status: 200
2026-09-10 10:53:10,045 - INFO - HTTP Request: POST http://testserver/auth/login "HTTP/1.1 200 OK"
2026-09-10 10:53:10,048 - INFO - Request: POST http://testserver/tasks/
2026-09-10 10:53:10,061 - INFO - User1 created task 1
2026-09-10 10:53:10,062 - INFO - Response Status: 201
2026-09-10 10:53:10,064 - INFO - HTTP Request: POST http://testserver/tasks/ "HTTP/1.1 201 Created"
2026-09-10 10:53:10,067 - INFO - Request: POST http://testserver/auth/register
2026-09-10 10:53:10,380 - INFO - Response Status: 200
2026-09-10 10:53:10,382 - INFO - HTTP Request: POST http://testserver/auth/register "HTTP/1.1 200 OK"
2026-09-10 10:53:10,385 - INFO - Request: POST http://testserver/auth/login
2026-09-10 10:53:10,674 - INFO - Response Status: 200
2026-09-10 10:53:10,676 - INFO - HTTP Request: POST http://testserver/auth/login "HTTP/1.1 200 OK"
2026-09-10 10:53:10,679 - INFO - Request: POST http://testserver/tasks/
2026-09-10 10:53:10,689 - INFO - User2 created task 2
2026-09-10 10:53:10,689 - INFO - Response Status: 201
2026-09-10 10:53:10,692 - INFO - HTTP Request: POST http://testserver/tasks/ "HTTP/1.1 201 Created"
2026-09-10 10:53:10,694 - INFO - Request: GET http://testserver/tasks/
2026-09-10 10:53:10,701 - INFO - Response Status: 200
2026-09-10 10:53:10,703 - INFO - HTTP Request: GET http://testserver/tasks/ "HTTP/1.1 200 OK"
2026-09-11 00:24:03,102 - INFO - Request: POST http://testserver/auth/register
2026-09-11 00:24:03,515 - INFO - Response Status: 200
2026-09-11 00:24:03,520 - INFO - HTTP Request: POST http://testserver/auth/register "HTTP/1.1 200 OK"
2026-09-11 00:24:03,601 - INFO - Request: POST http://testserver/auth/register
2026-09-11 00:24:03,932 - INFO - Response Status: 200
2026-09-11 00:24:03,935 - INFO - HTTP Request: POST http://testserver/auth/register "HTTP/1.1 200 OK"
2026-09-11 00:24:03,940 - INFO - Request: POST http://testserver/auth/register
2026-09-11 00:24:03,947 - INFO - Response Status: 400
2026-09-11 00:24:03,950 - INFO - HTTP Request: POST http://testserver/auth/register "HTTP/1.1 400 Bad Request"
2026-09-11 00:24:04,042 - INFO - Request: POST http://testserver/auth/register
2026-09-11 00:24:04,377 - INFO - Response Status: 200
2026-09-11 00:24:04,379 - INFO - HTTP Request: POST http://testserver/auth/register "HTTP/1.1 200 OK"
2026-09-11 00:24:04,382 - INFO - Request: POST http://testserver/auth/login
2026-09-11 00:24:04,743 - INFO - Response Status: 200
2026-09-11 00:24:04,747 - INFO - HTTP Request: POST http://testserver/auth/login "HTTP/1.1 200 OK"
2026-09-11 00:24:04,811 - INFO - Request: POST http://testserver/auth/register
2026-09-11 00:24:05,264 - INFO - Response Status: 200
2026-09-11 00:24:05,267 - INFO - HTTP Request: POST http://testserver/auth/register "HTTP/1.1 200 OK"
2026-09-11 00:24:05,273 - INFO - Request: POST http://testserver/auth/login
2026-09-11 00:24:05,649 - INFO - Response Status: 400
2026-09-11 00:24:05,651 - INFO - HTTP Request: POST http://testserver/auth/login "HTTP/1.1 400 Bad Request"
2026-09-11 00:24:05,749 - INFO - Request: POST http://testserver/auth/register
2026-09-11 00:24:06,111 - INFO - Response Status: 200
2026-09-11 00:24:06,114 - INFO - HTTP Request: POST http://testserver/auth/register "HTTP/1.1 200 OK"
2026-09-11 00:24:06,118 - INFO - Request: POST http://testserver/auth/login
2026-09-11 00:24:06,441 - INFO - Response Status: 200
2026-09-11 00:24:06,444 - INFO - HTTP Request: POST http://testserver/auth/login "HTTP/1.1 200 OK"
2026-09-11 00:24:06,446 - INFO - Request: POST http://testserver/tasks/
2026-09-11 00:24:06,474 - INFO - User1 created task 1
2026-09-11 00:24:06,475 - INFO - Response Status: 201
2026-09-11 00:24:06,478 - INFO - HTTP Request: POST http://testserver/tasks/ "HTTP/1.1 201 Created"
2026-09-11 00:24:06,550 - INFO - Request: POST http://testserver/tasks/
2026-09-11 00:24:06,555 - INFO - Response Status: 401
2026-09-11 00:24:06,557 - INFO - HTTP Request: POST http://testserver/tasks/ "HTTP/1.1 401 Unauthorized"
2026-09-11 00:24:06,628 - INFO - Request: POST http://testserver/tasks/
2026-09-11 00:24:06,633 - INFO - Response Status: 401
2026-09-11 00:24:06,635 - INFO - HTTP Request: POST http://testserver/tasks/ "HTTP/1.1 401 Unauthorized"
2026-09-11 00:24:06,709 - INFO - Request: POST http://testserver/auth/logout
2026-09-11 00:24:06,711 - INFO - Response Status: 200
2026-09-11 00:24:06,714 - INFO - HTTP Request: POST http://testserver/auth/logout "HTTP/1.1 200 OK"
2026-09-11 00:24:06,725 - INFO - Request: GET http://testserver/
2026-09-11 00:24:06,729 - INFO - Response Status: 200
2026-09-11 00:24:06,731 - INFO - HTTP Request: GET http://testserver/ "HTTP/1.1 200 OK"
2026-09-11 00:24:06,798 - INFO - Request: POST http://testserver/auth/register
2026-09-11 00:24:07,229 - INFO - Response Status: 200
2026-09-11 00:24:07,233 - INFO - HTTP Request: POST http://testserver/auth/register "HTTP/1.1 200 OK"
2026-09-11 00:24:07,238 - INFO - Request: POST http://testserver/auth/login
2026-09-11 00:24:07,622 - INFO - Response Status: 200
2026-09-11 00:24:07,628 - INFO - HTTP Request: POST http://testserver/auth/login "HTTP/1.1 200 OK"
2026-09-11 00:24:07,633 - INFO - Request: POST http://testserver/tasks/
2026-09-11 00:24:07,657 - INFO - User1 created task 1
2026-09-11 00:24:07,658 - INFO - Response Status: 201
2026-09-11 00:24:07,662 - INFO - HTTP Request: POST http://testserver/tasks/ "HTTP/1.1 201 Created"
2026-09-11 00:24:07,738 - INFO - Request: POST http://testserver/auth/register
2026-09-11 00:24:08,170 - INFO - Response Status: 200
2026-09-11 00:24:08,173 - INFO - HTTP Request: POST http://testserver/auth/register "HTTP/1.1 200 OK"
2026-09-11 00:24:08,177 - INFO - Request: POST http://testserver/auth/login
2026-09-11 00:24:08,514 - INFO - Response Status: 200
2026-09-11 00:24:08,517 - INFO - HTTP Request: POST http://testserver/auth/login "HTTP/1.1 200 OK"
2026-09-11 00:24:08,520 - INFO - Request: POST http://testserver/tasks/
2026-09-11 00:24:08,543 - INFO - User1 created task 1
2026-09-11 00:24:08,544 - INFO - Response Status: 201
2026-09-11 00:24:08,548 - INFO - HTTP Request: POST http://testserver/tasks/ "HTTP/1.1 201 Created"
2026-09-11 00:24:08,552 - INFO - Request: GET http://testserver/tasks/
2026-09-11 00:24:08,581 - INFO - Response Status: 200
2026-09-11 00:24:08,585 - INFO - HTTP Request: GET http://testserver/tasks/ "HTTP/1.1 200 OK"
2026-09-11 00:24:08,701 - INFO - Request: POST http://testserver/auth/register
2026-09-11 00:24:09,103 - INFO - Response Status: 200
2026-09-11 00:24:09,106 - INFO - HTTP Request: POST http://testserver/auth/register "HTTP/1.1 200 OK"
2026-09-11 00:24:09,110 - INFO - Request: POST http://testserver/auth/login
2026-09-11 00:24:09,433 - INFO - Response Status: 200
2026-09-11 00:24:09,436 - INFO - HTTP Request: POST http://testserver/auth/login "HTTP/1.1 200 OK"
2026-09-11 00:24:09,439 - INFO - Request: POST http://testserver/tasks/
2026-09-11 00:24:09,455 - INFO - User1 created task 1
2026-09-11 00:24:09,456 - INFO - Response Status: 201
2026-09-11 00:24:09,459 - INFO - HTTP Request: POST http://testserver/tasks/ "HTTP/1.1 201 Created"
2026-09-11 00:24:09,463 - INFO - Request: POST http://testserver/auth/register
2026-09-11 00:24:09,789 - INFO - Response Status: 200
2026-09-11 00:24:09,791 - INFO - HTTP Request: POST http://testserver/auth/register "HTTP/1.1 200 OK"
2026-09-11 00:24:09,794 - INFO - Request: POST http://testserver/auth/login
2026-09-11 00:24:10,104 - INFO - Response Status: 200
2026-09-11 00:24:10,106 - INFO - HTTP Request: POST http://testserver/auth/login "HTTP/1.1 200 OK"
2026-09-11 00:24:10,109 - INFO - Request: DELETE http://testserver/tasks/1
2026-09-11 00:24:10,118 - INFO - Response Status: 403
2026-09-11 00:24:10,119 - INFO - HTTP Request: DELETE http://testserver/tasks/1 "HTTP/1.1 403 Forbidden"
2026-09-11 00:24:10,188 - INFO - Request: POST http://testserver/auth/register
2026-09-11 00:24:10,499 - INFO - Response Status: 200
2026-09-11 00:24:10,502 - INFO - HTTP Request: POST http://testserver/auth/register "HTTP/1.1 200 OK"
2026-09-11 00:24:10,505 - INFO - Request: POST http://testserver/auth/login
2026-09-11 00:24:10,832 - INFO - Response Status: 200
2026-09-11 00:24:10,835 - INFO - HTTP Request: POST http://testserver/auth/login "HTTP/1.1 200 OK"
2026-09-11 00:24:10,838 - INFO - Request: POST http://testserver/tasks/
2026-09-11 00:24:10,856 - INFO - User1 created task 1
2026-09-11 00:24:10,857 - INFO - Response Status: 201
2026-09-11 00:24:10,859 - INFO - HTTP Request: POST http://testserver/tasks/ "HTTP/1.1 201 Created"
2026-09-11 00:24:10,862 - INFO - Request: POST http://testserver/auth/register
2026-09-11 00:24:11,184 - INFO - Response Status: 200
2026-09-11 00:24:11,187 - INFO - HTTP Request: POST http://testserver/auth/register "HTTP/1.1 200 OK"
2026-09-11 00:24:11,201 - INFO - Request: POST http://testserver/auth/login
2026-09-11 00:24:11,510 - INFO - Response Status: 200
2026-09-11 00:24:11,513 - INFO - HTTP Request: POST http://testserver/auth/login "HTTP/1.1 200 OK"
2026-09-11 00:24:11,515 - INFO - Request: DELETE http://testserver/tasks/1
2026-09-11 00:24:11,525 - INFO - Response Status: 200
2026-09-11 00:24:11,527 - INFO - HTTP Request: DELETE http://testserver/tasks/1 "HTTP/1.1 200 OK"
2026-09-11 00:24:11,585 - INFO - Request: POST http://testserver/auth/register
2026-09-11 00:24:11,923 - INFO - Response Status: 200
2026-09-11 00:24:11,926 - INFO - HTTP Request: POST http://testserver/auth/register "HTTP/1.1 200 OK"
2026-09-11 00:24:11,929 - INFO - Request: POST http://testserver/auth/login
2026-09-11 00:24:12,233 - INFO - Response Status: 200
2026-09-11 00:24:12,236 - INFO - HTTP Request: POST http://testserver/auth/login "HTTP/1.1 200 OK"
2026-09-11 00:24:12,240 - INFO - Request: POST http://testserver/tasks/
2026-09-11 00:24:12,253 - INFO - User1 created task 1
2026-09-11 00:24:12,253 - INFO - Response Status: 201
2026-09-11 00:24:12,256 - INFO - HTTP Request: POST http://testserver/tasks/ "HTTP/1.1 201 Created"
2026-09-11 00:24:12,259 - INFO - Request: PUT http://testserver/tasks/1
2026-09-11 00:24:12,273 - INFO - Response Status: 200
2026-09-11 00:24:12,276 - INFO - HTTP Request: PUT http://testserver/tasks/1 "HTTP/1.1 200 OK"
2026-09-11 00:24:12,279 - INFO - Request: POST http://testserver/tasks/
2026-09-11 00:24:12,289 - INFO - User1 created task 2
2026-09-11 00:24:12,290 - INFO - Response Status: 201
2026-09-11 00:24:12,292 - INFO - HTTP Request: POST http://testserver/tasks/ "HTTP/1.1 201 Created"
2026-09-11 00:24:12,295 - INFO - Request: GET http://testserver/tasks/?completed=true
2026-09-11 00:24:12,307 - INFO - Response Status: 200
2026-09-11 00:24:12,310 - INFO - HTTP Request: GET http://testserver/tasks/?completed=true "HTTP/1.1 200 OK"
2026-09-11 00:24:12,377 - INFO - Request: POST http://testserver/auth/register
2026-09-11 00:24:12,687 - INFO - Response Status: 200
2026-09-11 00:24:12,690 - INFO - HTTP Request: POST http://testserver/auth/register "HTTP/1.1 200 OK"
2026-09-11 00:24:12,693 - INFO - Request: POST http://testserver/auth/login
2026-09-11 00:24:12,998 - INFO - Response Status: 200
2026-09-11 00:24:13,001 - INFO - HTTP Request: POST http://testserver/auth/login "HTTP/1.1 200 OK"
2026-09-11 00:24:13,005 - INFO - Request: POST http://testserver/tasks/
2026-09-11 00:24:13,019 - INFO - User1 created task 1
2026-09-11 00:24:13,020 - INFO - Response Status: 201
2026-09-11 00:24:13,023 - INFO - HTTP Request: POST http://testserver/tasks/ "HTTP/1.1 201 Created"
2026-09-11 00:24:13,026 - INFO - Request: POST http://testserver/tasks/
2026-09-11 00:24:13,037 - INFO - User1 created task 2
2026-09-11 00:24:13,038 - INFO - Response Status: 201
2026-09-11 00:24:13,041 - INFO - HTTP Request: POST http://testserver/tasks/ "HTTP/1.1 201 Created"
2026-09-11 00:24:13,044 - INFO - Request: GET http://testserver/tasks/?search=FastAPI
2026-09-11 00:24:13,063 - INFO - Response Status: 200
2026-09-11 00:24:13,066 - INFO - HTTP Request: GET http://testserver/tasks/?search=FastAPI "HTTP/1.1 200 OK"
2026-09-11 00:24:13,168 - INFO - Request: POST http://testserver/auth/register
2026-09-11 00:24:13,508 - INFO - Response Status: 200
2026-09-11 00:24:13,511 - INFO - HTTP Request: POST http://testserver/auth/register "HTTP/1.1 200 OK"
2026-09-11 00:24:13,514 - INFO - Request: POST http://testserver/auth/login
2026-09-11 00:24:13,808 - INFO - Response Status: 200
2026-09-11 00:24:13,811 - INFO - HTTP Request: POST http://testserver/auth/login "HTTP/1.1 200 OK"
2026-09-11 00:24:13,814 - INFO - Request: POST http://testserver/tasks/
2026-09-11 00:24:13,829 - INFO - User1 created task 1
2026-09-11 00:24:13,830 - INFO - Response Status: 201
2026-09-11 00:24:13,832 - INFO - HTTP Request: POST http://testserver/tasks/ "HTTP/1.1 201 Created"
2026-09-11 00:24:13,835 - INFO - Request: POST http://testserver/tasks/
2026-09-11 00:24:13,844 - INFO - User1 created task 2
2026-09-11 00:24:13,845 - INFO - Response Status: 201
2026-09-11 00:24:13,848 - INFO - HTTP Request: POST http://testserver/tasks/ "HTTP/1.1 201 Created"
2026-09-11 00:24:13,852 - INFO - Request: POST http://testserver/tasks/
2026-09-11 00:24:13,861 - INFO - User1 created task 3
2026-09-11 00:24:13,862 - INFO - Response Status: 201
2026-09-11 00:24:13,864 - INFO - HTTP Request: POST http://testserver/tasks/ "HTTP/1.1 201 Created"
2026-09-11 00:24:13,867 - INFO - Request: GET http://testserver/tasks/?page=1&limit=2
2026-09-11 00:24:13,876 - INFO - Response Status: 200
2026-09-11 00:24:13,879 - INFO - HTTP Request: GET http://testserver/tasks/?page=1&limit=2 "HTTP/1.1 200 OK"
2026-09-11 00:24:13,941 - INFO - Request: POST http://testserver/auth/register
2026-09-11 00:24:14,273 - INFO - Response Status: 200
2026-09-11 00:24:14,275 - INFO - HTTP Request: POST http://testserver/auth/register "HTTP/1.1 200 OK"
2026-09-11 00:24:14,278 - INFO - Request: POST http://testserver/auth/login
2026-09-11 00:24:14,588 - INFO - Response Status: 200
2026-09-11 00:24:14,591 - INFO - HTTP Request: POST http://testserver/auth/login "HTTP/1.1 200 OK"
2026-09-11 00:24:14,594 - INFO - Request: POST http://testserver/tasks/
2026-09-11 00:24:14,604 - INFO - User1 created task 1
2026-09-11 00:24:14,605 - INFO - Response Status: 201
2026-09-11 00:24:14,608 - INFO - HTTP Request: POST http://testserver/tasks/ "HTTP/1.1 201 Created"
2026-09-11 00:24:14,610 - INFO - Request: POST http://testserver/tasks/
2026-09-11 00:24:14,618 - INFO - User1 created task 2
2026-09-11 00:24:14,618 - INFO - Response Status: 201
2026-09-11 00:24:14,622 - INFO - HTTP Request: POST http://testserver/tasks/ "HTTP/1.1 201 Created"
2026-09-11 00:24:14,625 - INFO - Request: POST http://testserver/tasks/
2026-09-11 00:24:14,632 - INFO - User1 created task 3
2026-09-11 00:24:14,633 - INFO - Response Status: 201
2026-09-11 00:24:14,635 - INFO - HTTP Request: POST http://testserver/tasks/ "HTTP/1.1 201 Created"
2026-09-11 00:24:14,639 - INFO - Request: GET http://testserver/tasks/?page=2&limit=2
2026-09-11 00:24:14,646 - INFO - Response Status: 200
2026-09-11 00:24:14,648 - INFO - HTTP Request: GET http://testserver/tasks/?page=2&limit=2 "HTTP/1.1 200 OK"
2026-09-11 00:24:14,805 - INFO - Request: POST http://testserver/auth/register
2026-09-11 00:24:15,146 - INFO - Response Status: 200
2026-09-11 00:24:15,148 - INFO - HTTP Request: POST http://testserver/auth/register "HTTP/1.1 200 OK"
2026-09-11 00:24:15,151 - INFO - Request: POST http://testserver/auth/login
2026-09-11 00:24:15,468 - INFO - Response Status: 200
2026-09-11 00:24:15,471 - INFO - HTTP Request: POST http://testserver/auth/login "HTTP/1.1 200 OK"
2026-09-11 00:24:15,473 - INFO - Request: POST http://testserver/tasks/
2026-09-11 00:24:15,486 - INFO - User1 created task 1
2026-09-11 00:24:15,487 - INFO - Response Status: 201
2026-09-11 00:24:15,489 - INFO - HTTP Request: POST http://testserver/tasks/ "HTTP/1.1 201 Created"
2026-09-11 00:24:15,492 - INFO - Request: PUT http://testserver/tasks/1
2026-09-11 00:24:15,501 - INFO - Response Status: 200
2026-09-11 00:24:15,504 - INFO - HTTP Request: PUT http://testserver/tasks/1 "HTTP/1.1 200 OK"
2026-09-11 00:24:15,561 - INFO - Request: POST http://testserver/auth/register
2026-09-11 00:24:15,918 - INFO - Response Status: 200
2026-09-11 00:24:15,920 - INFO - HTTP Request: POST http://testserver/auth/register "HTTP/1.1 200 OK"
2026-09-11 00:24:15,926 - INFO - Request: POST http://testserver/auth/login
2026-09-11 00:24:16,279 - INFO - Response Status: 200
2026-09-11 00:24:16,283 - INFO - HTTP Request: POST http://testserver/auth/login "HTTP/1.1 200 OK"
2026-09-11 00:24:16,287 - INFO - Request: POST http://testserver/tasks/
2026-09-11 00:24:16,310 - INFO - User1 created task 1
2026-09-11 00:24:16,311 - INFO - Response Status: 201
2026-09-11 00:24:16,314 - INFO - HTTP Request: POST http://testserver/tasks/ "HTTP/1.1 201 Created"
2026-09-11 00:24:16,317 - INFO - Request: DELETE http://testserver/tasks/1
2026-09-11 00:24:16,329 - INFO - Response Status: 200
2026-09-11 00:24:16,332 - INFO - HTTP Request: DELETE http://testserver/tasks/1 "HTTP/1.1 200 OK"
2026-09-11 00:24:16,429 - INFO - Request: POST http://testserver/auth/register
2026-09-11 00:24:16,771 - INFO - Response Status: 200
2026-09-11 00:24:16,776 - INFO - HTTP Request: POST http://testserver/auth/register "HTTP/1.1 200 OK"
2026-09-11 00:24:16,781 - INFO - Request: POST http://testserver/auth/login
2026-09-11 00:24:17,124 - INFO - Response Status: 200
2026-09-11 00:24:17,127 - INFO - HTTP Request: POST http://testserver/auth/login "HTTP/1.1 200 OK"
2026-09-11 00:24:17,130 - INFO - Request: DELETE http://testserver/tasks/99999
2026-09-11 00:24:17,141 - INFO - Response Status: 404
2026-09-11 00:24:17,143 - INFO - HTTP Request: DELETE http://testserver/tasks/99999 "HTTP/1.1 404 Not Found"
2026-09-11 00:24:17,207 - INFO - Request: POST http://testserver/auth/register
2026-09-11 00:24:17,554 - INFO - Response Status: 200
2026-09-11 00:24:17,558 - INFO - HTTP Request: POST http://testserver/auth/register "HTTP/1.1 200 OK"
2026-09-11 00:24:17,561 - INFO - Request: POST http://testserver/auth/login
2026-09-11 00:24:17,916 - INFO - Response Status: 200
2026-09-11 00:24:17,919 - INFO - HTTP Request: POST http://testserver/auth/login "HTTP/1.1 200 OK"
2026-09-11 00:24:17,922 - INFO - Request: POST http://testserver/tasks/
2026-09-11 00:24:17,939 - INFO - User1 created task 1
2026-09-11 00:24:17,941 - INFO - Response Status: 201
2026-09-11 00:24:17,945 - INFO - HTTP Request: POST http://testserver/tasks/ "HTTP/1.1 201 Created"
2026-09-11 00:24:17,949 - INFO - Request: POST http://testserver/auth/register
2026-09-11 00:24:18,289 - INFO - Response Status: 200
2026-09-11 00:24:18,292 - INFO - HTTP Request: POST http://testserver/auth/register "HTTP/1.1 200 OK"
2026-09-11 00:24:18,296 - INFO - Request: POST http://testserver/auth/login
2026-09-11 00:24:18,602 - INFO - Response Status: 200
2026-09-11 00:24:18,605 - INFO - HTTP Request: POST http://testserver/auth/login "HTTP/1.1 200 OK"
2026-09-11 00:24:18,609 - INFO - Request: POST http://testserver/tasks/
2026-09-11 00:24:18,622 - INFO - User2 created task 2
2026-09-11 00:24:18,623 - INFO - Response Status: 201
2026-09-11 00:24:18,627 - INFO - HTTP Request: POST http://testserver/tasks/ "HTTP/1.1 201 Created"
2026-09-11 00:24:18,632 - INFO - Request: GET http://testserver/tasks/
2026-09-11 00:24:18,646 - INFO - Response Status: 200
2026-09-11 00:24:18,650 - INFO - HTTP Request: GET http://testserver/tasks/ "HTTP/1.1 200 OK"
2026-09-11 00:57:19,191 - INFO - Request: POST http://testserver/auth/register
2026-09-11 00:57:19,621 - INFO - Response Status: 200
2026-09-11 00:57:19,626 - INFO - HTTP Request: POST http://testserver/auth/register "HTTP/1.1 200 OK"
2026-09-11 00:57:19,753 - INFO - Request: POST http://testserver/auth/register
2026-09-11 00:57:20,091 - INFO - Response Status: 200
2026-09-11 00:57:20,094 - INFO - HTTP Request: POST http://testserver/auth/register "HTTP/1.1 200 OK"
2026-09-11 00:57:20,098 - INFO - Request: POST http://testserver/auth/register
2026-09-11 00:57:20,105 - INFO - Response Status: 400
2026-09-11 00:57:20,108 - INFO - HTTP Request: POST http://testserver/auth/register "HTTP/1.1 400 Bad Request"
2026-09-11 00:57:20,173 - INFO - Request: POST http://testserver/auth/register
2026-09-11 00:57:20,524 - INFO - Response Status: 200
2026-09-11 00:57:20,527 - INFO - HTTP Request: POST http://testserver/auth/register "HTTP/1.1 200 OK"
2026-09-11 00:57:20,531 - INFO - Request: POST http://testserver/auth/login
2026-09-11 00:57:20,850 - INFO - Response Status: 200
2026-09-11 00:57:20,853 - INFO - HTTP Request: POST http://testserver/auth/login "HTTP/1.1 200 OK"
2026-09-11 00:57:20,965 - INFO - Request: POST http://testserver/auth/register
2026-09-11 00:57:21,292 - INFO - Response Status: 200
2026-09-11 00:57:21,295 - INFO - HTTP Request: POST http://testserver/auth/register "HTTP/1.1 200 OK"
2026-09-11 00:57:21,299 - INFO - Request: POST http://testserver/auth/login
2026-09-11 00:57:21,606 - INFO - Response Status: 400
2026-09-11 00:57:21,608 - INFO - HTTP Request: POST http://testserver/auth/login "HTTP/1.1 400 Bad Request"
2026-09-11 00:57:21,681 - INFO - Request: POST http://testserver/auth/register
2026-09-11 00:57:21,991 - INFO - Response Status: 200
2026-09-11 00:57:21,995 - INFO - HTTP Request: POST http://testserver/auth/register "HTTP/1.1 200 OK"
2026-09-11 00:57:21,999 - INFO - Request: POST http://testserver/auth/login
2026-09-11 00:57:22,387 - INFO - Response Status: 200
2026-09-11 00:57:22,391 - INFO - HTTP Request: POST http://testserver/auth/login "HTTP/1.1 200 OK"
2026-09-11 00:57:22,395 - INFO - Request: POST http://testserver/tasks/
2026-09-11 00:57:22,451 - INFO - User1 created task 1
2026-09-11 00:57:22,452 - INFO - Response Status: 201
2026-09-11 00:57:22,457 - INFO - HTTP Request: POST http://testserver/tasks/ "HTTP/1.1 201 Created"
2026-09-11 00:57:22,571 - INFO - Request: POST http://testserver/tasks/
2026-09-11 00:57:22,576 - INFO - Response Status: 401
2026-09-11 00:57:22,578 - INFO - HTTP Request: POST http://testserver/tasks/ "HTTP/1.1 401 Unauthorized"
2026-09-11 00:57:22,686 - INFO - Request: POST http://testserver/tasks/
2026-09-11 00:57:22,693 - INFO - Response Status: 401
2026-09-11 00:57:22,695 - INFO - HTTP Request: POST http://testserver/tasks/ "HTTP/1.1 401 Unauthorized"
2026-09-11 00:57:22,817 - INFO - Request: POST http://testserver/auth/logout
2026-09-11 00:57:22,819 - INFO - Response Status: 200
2026-09-11 00:57:22,822 - INFO - HTTP Request: POST http://testserver/auth/logout "HTTP/1.1 200 OK"
2026-09-11 00:57:22,834 - INFO - Request: GET http://testserver/
2026-09-11 00:57:22,837 - INFO - Response Status: 200
2026-09-11 00:57:22,840 - INFO - HTTP Request: GET http://testserver/ "HTTP/1.1 200 OK"
2026-09-11 00:57:22,932 - INFO - Request: POST http://testserver/auth/register
2026-09-11 00:57:23,249 - INFO - Response Status: 200
2026-09-11 00:57:23,253 - INFO - HTTP Request: POST http://testserver/auth/register "HTTP/1.1 200 OK"
2026-09-11 00:57:23,257 - INFO - Request: POST http://testserver/auth/login
2026-09-11 00:57:23,555 - INFO - Response Status: 200
2026-09-11 00:57:23,559 - INFO - HTTP Request: POST http://testserver/auth/login "HTTP/1.1 200 OK"
2026-09-11 00:57:23,562 - INFO - Request: POST http://testserver/tasks/
2026-09-11 00:57:23,576 - INFO - User1 created task 1
2026-09-11 00:57:23,577 - INFO - Response Status: 201
2026-09-11 00:57:23,580 - INFO - HTTP Request: POST http://testserver/tasks/ "HTTP/1.1 201 Created"
2026-09-11 00:57:23,648 - INFO - Request: POST http://testserver/auth/register
2026-09-11 00:57:23,949 - INFO - Response Status: 200
2026-09-11 00:57:23,951 - INFO - HTTP Request: POST http://testserver/auth/register "HTTP/1.1 200 OK"
2026-09-11 00:57:23,954 - INFO - Request: POST http://testserver/auth/login
2026-09-11 00:57:24,265 - INFO - Response Status: 200
2026-09-11 00:57:24,268 - INFO - HTTP Request: POST http://testserver/auth/login "HTTP/1.1 200 OK"
2026-09-11 00:57:24,271 - INFO - Request: POST http://testserver/tasks/
2026-09-11 00:57:24,284 - INFO - User1 created task 1
2026-09-11 00:57:24,285 - INFO - Response Status: 201
2026-09-11 00:57:24,287 - INFO - HTTP Request: POST http://testserver/tasks/ "HTTP/1.1 201 Created"
2026-09-11 00:57:24,290 - INFO - Request: GET http://testserver/tasks/
2026-09-11 00:57:24,308 - INFO - Response Status: 200
2026-09-11 00:57:24,311 - INFO - HTTP Request: GET http://testserver/tasks/ "HTTP/1.1 200 OK"
2026-09-11 00:57:24,376 - INFO - Request: POST http://testserver/auth/register
2026-09-11 00:57:24,703 - INFO - Response Status: 200
2026-09-11 00:57:24,706 - INFO - HTTP Request: POST http://testserver/auth/register "HTTP/1.1 200 OK"
2026-09-11 00:57:24,710 - INFO - Request: POST http://testserver/auth/login
2026-09-11 00:57:25,031 - INFO - Response Status: 200
2026-09-11 00:57:25,034 - INFO - HTTP Request: POST http://testserver/auth/login "HTTP/1.1 200 OK"
2026-09-11 00:57:25,037 - INFO - Request: POST http://testserver/tasks/
2026-09-11 00:57:25,051 - INFO - User1 created task 1
2026-09-11 00:57:25,052 - INFO - Response Status: 201
2026-09-11 00:57:25,054 - INFO - HTTP Request: POST http://testserver/tasks/ "HTTP/1.1 201 Created"
2026-09-11 00:57:25,057 - INFO - Request: POST http://testserver/auth/register
2026-09-11 00:57:25,386 - INFO - Response Status: 200
2026-09-11 00:57:25,388 - INFO - HTTP Request: POST http://testserver/auth/register "HTTP/1.1 200 OK"
2026-09-11 00:57:25,392 - INFO - Request: POST http://testserver/auth/login
2026-09-11 00:57:25,690 - INFO - Response Status: 200
2026-09-11 00:57:25,693 - INFO - HTTP Request: POST http://testserver/auth/login "HTTP/1.1 200 OK"
2026-09-11 00:57:25,696 - INFO - Request: DELETE http://testserver/tasks/1
2026-09-11 00:57:25,704 - INFO - Response Status: 403
2026-09-11 00:57:25,706 - INFO - HTTP Request: DELETE http://testserver/tasks/1 "HTTP/1.1 403 Forbidden"
2026-09-11 00:57:25,767 - INFO - Request: POST http://testserver/auth/register
2026-09-11 00:57:26,110 - INFO - Response Status: 200
2026-09-11 00:57:26,114 - INFO - HTTP Request: POST http://testserver/auth/register "HTTP/1.1 200 OK"
2026-09-11 00:57:26,118 - INFO - Request: POST http://testserver/auth/login
2026-09-11 00:57:26,425 - INFO - Response Status: 200
2026-09-11 00:57:26,427 - INFO - HTTP Request: POST http://testserver/auth/login "HTTP/1.1 200 OK"
2026-09-11 00:57:26,430 - INFO - Request: POST http://testserver/tasks/
2026-09-11 00:57:26,446 - INFO - User1 created task 1
2026-09-11 00:57:26,446 - INFO - Response Status: 201
2026-09-11 00:57:26,449 - INFO - HTTP Request: POST http://testserver/tasks/ "HTTP/1.1 201 Created"
2026-09-11 00:57:26,451 - INFO - Request: POST http://testserver/auth/register
2026-09-11 00:57:26,771 - INFO - Response Status: 200
2026-09-11 00:57:26,774 - INFO - HTTP Request: POST http://testserver/auth/register "HTTP/1.1 200 OK"
2026-09-11 00:57:26,787 - INFO - Request: POST http://testserver/auth/login
2026-09-11 00:57:27,090 - INFO - Response Status: 200
2026-09-11 00:57:27,093 - INFO - HTTP Request: POST http://testserver/auth/login "HTTP/1.1 200 OK"
2026-09-11 00:57:27,095 - INFO - Request: DELETE http://testserver/tasks/1
2026-09-11 00:57:27,104 - INFO - Response Status: 200
2026-09-11 00:57:27,106 - INFO - HTTP Request: DELETE http://testserver/tasks/1 "HTTP/1.1 200 OK"
2026-09-11 00:57:27,169 - INFO - Request: POST http://testserver/auth/register
2026-09-11 00:57:27,487 - INFO - Response Status: 200
2026-09-11 00:57:27,489 - INFO - HTTP Request: POST http://testserver/auth/register "HTTP/1.1 200 OK"
2026-09-11 00:57:27,493 - INFO - Request: POST http://testserver/auth/login
2026-09-11 00:57:27,789 - INFO - Response Status: 200
2026-09-11 00:57:27,792 - INFO - HTTP Request: POST http://testserver/auth/login "HTTP/1.1 200 OK"
2026-09-11 00:57:27,795 - INFO - Request: POST http://testserver/tasks/
2026-09-11 00:57:27,808 - INFO - User1 created task 1
2026-09-11 00:57:27,809 - INFO - Response Status: 201
2026-09-11 00:57:27,811 - INFO - HTTP Request: POST http://testserver/tasks/ "HTTP/1.1 201 Created"
2026-09-11 00:57:27,814 - INFO - Request: PUT http://testserver/tasks/1
2026-09-11 00:57:27,828 - INFO - Response Status: 200
2026-09-11 00:57:27,830 - INFO - HTTP Request: PUT http://testserver/tasks/1 "HTTP/1.1 200 OK"
2026-09-11 00:57:27,833 - INFO - Request: POST http://testserver/tasks/
2026-09-11 00:57:27,842 - INFO - User1 created task 2
2026-09-11 00:57:27,843 - INFO - Response Status: 201
2026-09-11 00:57:27,845 - INFO - HTTP Request: POST http://testserver/tasks/ "HTTP/1.1 201 Created"
2026-09-11 00:57:27,847 - INFO - Request: GET http://testserver/tasks/?completed=true
2026-09-11 00:57:27,856 - INFO - Response Status: 200
2026-09-11 00:57:27,860 - INFO - HTTP Request: GET http://testserver/tasks/?completed=true "HTTP/1.1 200 OK"
2026-09-11 00:57:28,011 - INFO - Request: POST http://testserver/auth/register
2026-09-11 00:57:28,318 - INFO - Response Status: 200
2026-09-11 00:57:28,321 - INFO - HTTP Request: POST http://testserver/auth/register "HTTP/1.1 200 OK"
2026-09-11 00:57:28,324 - INFO - Request: POST http://testserver/auth/login
2026-09-11 00:57:28,630 - INFO - Response Status: 200
2026-09-11 00:57:28,633 - INFO - HTTP Request: POST http://testserver/auth/login "HTTP/1.1 200 OK"
2026-09-11 00:57:28,636 - INFO - Request: POST http://testserver/tasks/
2026-09-11 00:57:28,649 - INFO - User1 created task 1
2026-09-11 00:57:28,650 - INFO - Response Status: 201
2026-09-11 00:57:28,652 - INFO - HTTP Request: POST http://testserver/tasks/ "HTTP/1.1 201 Created"
2026-09-11 00:57:28,656 - INFO - Request: POST http://testserver/tasks/
2026-09-11 00:57:28,664 - INFO - User1 created task 2
2026-09-11 00:57:28,665 - INFO - Response Status: 201
2026-09-11 00:57:28,668 - INFO - HTTP Request: POST http://testserver/tasks/ "HTTP/1.1 201 Created"
2026-09-11 00:57:28,671 - INFO - Request: GET http://testserver/tasks/?search=FastAPI
2026-09-11 00:57:28,686 - INFO - Response Status: 200
2026-09-11 00:57:28,688 - INFO - HTTP Request: GET http://testserver/tasks/?search=FastAPI "HTTP/1.1 200 OK"
2026-09-11 00:57:28,767 - INFO - Request: POST http://testserver/auth/register
2026-09-11 00:57:29,117 - INFO - Response Status: 200
2026-09-11 00:57:29,120 - INFO - HTTP Request: POST http://testserver/auth/register "HTTP/1.1 200 OK"
2026-09-11 00:57:29,123 - INFO - Request: POST http://testserver/auth/login
2026-09-11 00:57:29,428 - INFO - Response Status: 200
2026-09-11 00:57:29,431 - INFO - HTTP Request: POST http://testserver/auth/login "HTTP/1.1 200 OK"
2026-09-11 00:57:29,435 - INFO - Request: POST http://testserver/tasks/
2026-09-11 00:57:29,450 - INFO - User1 created task 1
2026-09-11 00:57:29,451 - INFO - Response Status: 201
2026-09-11 00:57:29,453 - INFO - HTTP Request: POST http://testserver/tasks/ "HTTP/1.1 201 Created"
2026-09-11 00:57:29,456 - INFO - Request: POST http://testserver/tasks/
2026-09-11 00:57:29,464 - INFO - User1 created task 2
2026-09-11 00:57:29,465 - INFO - Response Status: 201
2026-09-11 00:57:29,467 - INFO - HTTP Request: POST http://testserver/tasks/ "HTTP/1.1 201 Created"
2026-09-11 00:57:29,470 - INFO - Request: POST http://testserver/tasks/
2026-09-11 00:57:29,480 - INFO - User1 created task 3
2026-09-11 00:57:29,480 - INFO - Response Status: 201
2026-09-11 00:57:29,483 - INFO - HTTP Request: POST http://testserver/tasks/ "HTTP/1.1 201 Created"
2026-09-11 00:57:29,485 - INFO - Request: GET http://testserver/tasks/?page=1&limit=2
2026-09-11 00:57:29,493 - INFO - Response Status: 200
2026-09-11 00:57:29,495 - INFO - HTTP Request: GET http://testserver/tasks/?page=1&limit=2 "HTTP/1.1 200 OK"
2026-09-11 00:57:29,555 - INFO - Request: POST http://testserver/auth/register
2026-09-11 00:57:29,871 - INFO - Response Status: 200
2026-09-11 00:57:29,874 - INFO - HTTP Request: POST http://testserver/auth/register "HTTP/1.1 200 OK"
2026-09-11 00:57:29,878 - INFO - Request: POST http://testserver/auth/login
2026-09-11 00:57:30,201 - INFO - Response Status: 200
2026-09-11 00:57:30,204 - INFO - HTTP Request: POST http://testserver/auth/login "HTTP/1.1 200 OK"
2026-09-11 00:57:30,209 - INFO - Request: POST http://testserver/tasks/
2026-09-11 00:57:30,222 - INFO - User1 created task 1
2026-09-11 00:57:30,222 - INFO - Response Status: 201
2026-09-11 00:57:30,225 - INFO - HTTP Request: POST http://testserver/tasks/ "HTTP/1.1 201 Created"
2026-09-11 00:57:30,229 - INFO - Request: POST http://testserver/tasks/
2026-09-11 00:57:30,237 - INFO - User1 created task 2
2026-09-11 00:57:30,238 - INFO - Response Status: 201
2026-09-11 00:57:30,240 - INFO - HTTP Request: POST http://testserver/tasks/ "HTTP/1.1 201 Created"
2026-09-11 00:57:30,244 - INFO - Request: POST http://testserver/tasks/
2026-09-11 00:57:30,253 - INFO - User1 created task 3
2026-09-11 00:57:30,253 - INFO - Response Status: 201
2026-09-11 00:57:30,256 - INFO - HTTP Request: POST http://testserver/tasks/ "HTTP/1.1 201 Created"
2026-09-11 00:57:30,260 - INFO - Request: GET http://testserver/tasks/?page=2&limit=2
2026-09-11 00:57:30,267 - INFO - Response Status: 200
2026-09-11 00:57:30,269 - INFO - HTTP Request: GET http://testserver/tasks/?page=2&limit=2 "HTTP/1.1 200 OK"
2026-09-11 00:57:30,330 - INFO - Request: POST http://testserver/auth/register
2026-09-11 00:57:30,651 - INFO - Response Status: 200
2026-09-11 00:57:30,653 - INFO - HTTP Request: POST http://testserver/auth/register "HTTP/1.1 200 OK"
2026-09-11 00:57:30,656 - INFO - Request: POST http://testserver/auth/login
2026-09-11 00:57:30,947 - INFO - Response Status: 200
2026-09-11 00:57:30,950 - INFO - HTTP Request: POST http://testserver/auth/login "HTTP/1.1 200 OK"
2026-09-11 00:57:30,952 - INFO - Request: POST http://testserver/tasks/
2026-09-11 00:57:30,965 - INFO - User1 created task 1
2026-09-11 00:57:30,966 - INFO - Response Status: 201
2026-09-11 00:57:30,968 - INFO - HTTP Request: POST http://testserver/tasks/ "HTTP/1.1 201 Created"
2026-09-11 00:57:30,971 - INFO - Request: PUT http://testserver/tasks/1
2026-09-11 00:57:30,981 - INFO - Response Status: 200
2026-09-11 00:57:30,983 - INFO - HTTP Request: PUT http://testserver/tasks/1 "HTTP/1.1 200 OK"
2026-09-11 00:57:31,045 - INFO - Request: POST http://testserver/auth/register
2026-09-11 00:57:31,365 - INFO - Response Status: 200
2026-09-11 00:57:31,368 - INFO - HTTP Request: POST http://testserver/auth/register "HTTP/1.1 200 OK"
2026-09-11 00:57:31,371 - INFO - Request: POST http://testserver/auth/login
2026-09-11 00:57:31,694 - INFO - Response Status: 200
2026-09-11 00:57:31,696 - INFO - HTTP Request: POST http://testserver/auth/login "HTTP/1.1 200 OK"
2026-09-11 00:57:31,700 - INFO - Request: POST http://testserver/tasks/
2026-09-11 00:57:31,714 - INFO - User1 created task 1
2026-09-11 00:57:31,715 - INFO - Response Status: 201
2026-09-11 00:57:31,717 - INFO - HTTP Request: POST http://testserver/tasks/ "HTTP/1.1 201 Created"
2026-09-11 00:57:31,720 - INFO - Request: DELETE http://testserver/tasks/1
2026-09-11 00:57:31,728 - INFO - Response Status: 200
2026-09-11 00:57:31,730 - INFO - HTTP Request: DELETE http://testserver/tasks/1 "HTTP/1.1 200 OK"
2026-09-11 00:57:31,814 - INFO - Request: POST http://testserver/auth/register
2026-09-11 00:57:32,136 - INFO - Response Status: 200
2026-09-11 00:57:32,138 - INFO - HTTP Request: POST http://testserver/auth/register "HTTP/1.1 200 OK"
2026-09-11 00:57:32,141 - INFO - Request: POST http://testserver/auth/login
2026-09-11 00:57:32,458 - INFO - Response Status: 200
2026-09-11 00:57:32,461 - INFO - HTTP Request: POST http://testserver/auth/login "HTTP/1.1 200 OK"
2026-09-11 00:57:32,464 - INFO - Request: DELETE http://testserver/tasks/99999
2026-09-11 00:57:32,474 - INFO - Response Status: 404
2026-09-11 00:57:32,476 - INFO - HTTP Request: DELETE http://testserver/tasks/99999 "HTTP/1.1 404 Not Found"
2026-09-11 00:57:32,563 - INFO - Request: POST http://testserver/auth/register
2026-09-11 00:57:32,905 - INFO - Response Status: 200
2026-09-11 00:57:32,907 - INFO - HTTP Request: POST http://testserver/auth/register "HTTP/1.1 200 OK"
2026-09-11 00:57:32,911 - INFO - Request: POST http://testserver/auth/login
2026-09-11 00:57:33,213 - INFO - Response Status: 200
2026-09-11 00:57:33,215 - INFO - HTTP Request: POST http://testserver/auth/login "HTTP/1.1 200 OK"
2026-09-11 00:57:33,218 - INFO - Request: POST http://testserver/tasks/
2026-09-11 00:57:33,229 - INFO - User1 created task 1
2026-09-11 00:57:33,229 - INFO - Response Status: 201
2026-09-11 00:57:33,232 - INFO - HTTP Request: POST http://testserver/tasks/ "HTTP/1.1 201 Created"
2026-09-11 00:57:33,234 - INFO - Request: POST http://testserver/auth/register
2026-09-11 00:57:33,555 - INFO - Response Status: 200
2026-09-11 00:57:33,557 - INFO - HTTP Request: POST http://testserver/auth/register "HTTP/1.1 200 OK"
2026-09-11 00:57:33,560 - INFO - Request: POST http://testserver/auth/login
2026-09-11 00:57:33,887 - INFO - Response Status: 200
2026-09-11 00:57:33,889 - INFO - HTTP Request: POST http://testserver/auth/login "HTTP/1.1 200 OK"
2026-09-11 00:57:33,892 - INFO - Request: POST http://testserver/tasks/
2026-09-11 00:57:33,902 - INFO - User2 created task 2
2026-09-11 00:57:33,902 - INFO - Response Status: 201
2026-09-11 00:57:33,905 - INFO - HTTP Request: POST http://testserver/tasks/ "HTTP/1.1 201 Created"
2026-09-11 00:57:33,907 - INFO - Request: GET http://testserver/tasks/
2026-09-11 00:57:33,915 - INFO - Response Status: 200
2026-09-11 00:57:33,917 - INFO - HTTP Request: GET http://testserver/tasks/ "HTTP/1.1 200 OK"
2026-09-11 10:34:02,993 - INFO - Request: GET http://127.0.0.1:8000/
2026-09-11 10:34:02,998 - INFO - Response Status: 200
2026-09-11 10:34:17,430 - INFO - Request: GET http://localhost:8000/docs
2026-09-11 10:34:17,432 - INFO - Response Status: 200
2026-09-11 10:34:17,709 - INFO - Request: GET http://localhost:8000/openapi.json
2026-09-11 10:34:17,762 - INFO - Response Status: 200
2026-09-11 14:59:52,236 - INFO - Request: POST http://testserver/auth/register
2026-09-11 14:59:52,536 - INFO - Response Status: 200
2026-09-11 14:59:52,540 - INFO - HTTP Request: POST http://testserver/auth/register "HTTP/1.1 200 OK"
2026-09-11 14:59:52,617 - INFO - Request: POST http://testserver/auth/register
2026-09-11 14:59:52,859 - INFO - Response Status: 200
2026-09-11 14:59:52,861 - INFO - HTTP Request: POST http://testserver/auth/register "HTTP/1.1 200 OK"
2026-09-11 14:59:52,864 - INFO - Request: POST http://testserver/auth/register
2026-09-11 14:59:52,868 - INFO - Response Status: 400
2026-09-11 14:59:52,870 - INFO - HTTP Request: POST http://testserver/auth/register "HTTP/1.1 400 Bad Request"
2026-09-11 14:59:52,923 - INFO - Request: POST http://testserver/auth/register
2026-09-11 14:59:53,189 - INFO - Response Status: 200
2026-09-11 14:59:53,192 - INFO - HTTP Request: POST http://testserver/auth/register "HTTP/1.1 200 OK"
2026-09-11 14:59:53,194 - INFO - Request: POST http://testserver/auth/login
2026-09-11 14:59:53,470 - INFO - Response Status: 200
2026-09-11 14:59:53,472 - INFO - HTTP Request: POST http://testserver/auth/login "HTTP/1.1 200 OK"
2026-09-11 14:59:53,547 - INFO - Request: POST http://testserver/auth/register
2026-09-11 14:59:53,803 - INFO - Response Status: 200
2026-09-11 14:59:53,805 - INFO - HTTP Request: POST http://testserver/auth/register "HTTP/1.1 200 OK"
2026-09-11 14:59:53,809 - INFO - Request: POST http://testserver/auth/login
2026-09-11 14:59:54,037 - INFO - Response Status: 400
2026-09-11 14:59:54,039 - INFO - HTTP Request: POST http://testserver/auth/login "HTTP/1.1 400 Bad Request"
2026-09-11 14:59:54,107 - INFO - Request: POST http://testserver/auth/register
2026-09-11 14:59:54,352 - INFO - Response Status: 200
2026-09-11 14:59:54,354 - INFO - HTTP Request: POST http://testserver/auth/register "HTTP/1.1 200 OK"
2026-09-11 14:59:54,358 - INFO - Request: POST http://testserver/auth/login
2026-09-11 14:59:54,604 - INFO - Response Status: 200
2026-09-11 14:59:54,606 - INFO - HTTP Request: POST http://testserver/auth/login "HTTP/1.1 200 OK"
2026-09-11 14:59:54,610 - INFO - Request: POST http://testserver/tasks/
2026-09-11 14:59:54,632 - INFO - User1 created task 1
2026-09-11 14:59:54,632 - INFO - Response Status: 201
2026-09-11 14:59:54,635 - INFO - HTTP Request: POST http://testserver/tasks/ "HTTP/1.1 201 Created"
2026-09-11 14:59:54,768 - INFO - Request: POST http://testserver/tasks/
2026-09-11 14:59:54,774 - INFO - Response Status: 401
2026-09-11 14:59:54,777 - INFO - HTTP Request: POST http://testserver/tasks/ "HTTP/1.1 401 Unauthorized"
2026-09-11 14:59:54,874 - INFO - Request: POST http://testserver/tasks/
2026-09-11 14:59:54,878 - INFO - Response Status: 401
2026-09-11 14:59:54,881 - INFO - HTTP Request: POST http://testserver/tasks/ "HTTP/1.1 401 Unauthorized"
2026-09-11 14:59:54,945 - INFO - Request: POST http://testserver/auth/logout
2026-09-11 14:59:54,947 - INFO - Response Status: 200
2026-09-11 14:59:54,949 - INFO - HTTP Request: POST http://testserver/auth/logout "HTTP/1.1 200 OK"
2026-09-11 14:59:54,963 - INFO - Request: GET http://testserver/
2026-09-11 14:59:54,966 - INFO - Response Status: 200
2026-09-11 14:59:54,969 - INFO - HTTP Request: GET http://testserver/ "HTTP/1.1 200 OK"
2026-09-11 14:59:55,038 - INFO - Request: POST http://testserver/auth/register
2026-09-11 14:59:55,284 - INFO - Response Status: 200
2026-09-11 14:59:55,286 - INFO - HTTP Request: POST http://testserver/auth/register "HTTP/1.1 200 OK"
2026-09-11 14:59:55,289 - INFO - Request: POST http://testserver/auth/login
2026-09-11 14:59:55,512 - INFO - Response Status: 200
2026-09-11 14:59:55,514 - INFO - HTTP Request: POST http://testserver/auth/login "HTTP/1.1 200 OK"
2026-09-11 14:59:55,517 - INFO - Request: POST http://testserver/tasks/
2026-09-11 14:59:55,529 - INFO - User1 created task 1
2026-09-11 14:59:55,529 - INFO - Response Status: 201
2026-09-11 14:59:55,531 - INFO - HTTP Request: POST http://testserver/tasks/ "HTTP/1.1 201 Created"
2026-09-11 14:59:55,587 - INFO - Request: POST http://testserver/auth/register
2026-09-11 14:59:55,851 - INFO - Response Status: 200
2026-09-11 14:59:55,853 - INFO - HTTP Request: POST http://testserver/auth/register "HTTP/1.1 200 OK"
2026-09-11 14:59:55,855 - INFO - Request: POST http://testserver/auth/login
2026-09-11 14:59:56,095 - INFO - Response Status: 200
2026-09-11 14:59:56,097 - INFO - HTTP Request: POST http://testserver/auth/login "HTTP/1.1 200 OK"
2026-09-11 14:59:56,100 - INFO - Request: POST http://testserver/tasks/
2026-09-11 14:59:56,112 - INFO - User1 created task 1
2026-09-11 14:59:56,112 - INFO - Response Status: 201
2026-09-11 14:59:56,114 - INFO - HTTP Request: POST http://testserver/tasks/ "HTTP/1.1 201 Created"
2026-09-11 14:59:56,117 - INFO - Request: GET http://testserver/tasks/
2026-09-11 15:00:32,029 - INFO - Request: POST http://testserver/auth/register
2026-09-11 15:00:32,280 - INFO - Response Status: 200
2026-09-11 15:00:32,282 - INFO - HTTP Request: POST http://testserver/auth/register "HTTP/1.1 200 OK"
2026-09-11 15:00:32,285 - INFO - Request: POST http://testserver/auth/login
2026-09-11 15:00:32,513 - INFO - Response Status: 200
2026-09-11 15:00:32,515 - INFO - HTTP Request: POST http://testserver/auth/login "HTTP/1.1 200 OK"
2026-09-11 15:00:32,518 - INFO - Request: POST http://testserver/tasks/
2026-09-11 15:00:32,528 - INFO - User1 created task 1
2026-09-11 15:00:32,529 - INFO - Response Status: 201
2026-09-11 15:00:32,531 - INFO - HTTP Request: POST http://testserver/tasks/ "HTTP/1.1 201 Created"
2026-09-11 15:00:32,533 - INFO - Request: POST http://testserver/auth/register
2026-09-11 15:00:32,777 - INFO - Response Status: 200
2026-09-11 15:00:32,780 - INFO - HTTP Request: POST http://testserver/auth/register "HTTP/1.1 200 OK"
2026-09-11 15:00:32,783 - INFO - Request: POST http://testserver/auth/login
2026-09-11 15:00:33,027 - INFO - Response Status: 200
2026-09-11 15:00:33,030 - INFO - HTTP Request: POST http://testserver/auth/login "HTTP/1.1 200 OK"
2026-09-11 15:00:33,033 - INFO - Request: DELETE http://testserver/tasks/1
2026-09-11 15:00:33,041 - INFO - Response Status: 403
2026-09-11 15:00:33,044 - INFO - HTTP Request: DELETE http://testserver/tasks/1 "HTTP/1.1 403 Forbidden"
2026-09-11 15:00:33,095 - INFO - Request: POST http://testserver/auth/register
2026-09-11 15:00:33,336 - INFO - Response Status: 200
2026-09-11 15:00:33,338 - INFO - HTTP Request: POST http://testserver/auth/register "HTTP/1.1 200 OK"
2026-09-11 15:00:33,340 - INFO - Request: POST http://testserver/auth/login
2026-09-11 15:00:33,577 - INFO - Response Status: 200
2026-09-11 15:00:33,580 - INFO - HTTP Request: POST http://testserver/auth/login "HTTP/1.1 200 OK"
2026-09-11 15:00:33,582 - INFO - Request: POST http://testserver/tasks/
2026-09-11 15:00:33,594 - INFO - User1 created task 1
2026-09-11 15:00:33,595 - INFO - Response Status: 201
2026-09-11 15:00:33,598 - INFO - HTTP Request: POST http://testserver/tasks/ "HTTP/1.1 201 Created"
2026-09-11 15:00:33,600 - INFO - Request: POST http://testserver/auth/register
2026-09-11 15:00:33,825 - INFO - Response Status: 200
2026-09-11 15:00:33,827 - INFO - HTTP Request: POST http://testserver/auth/register "HTTP/1.1 200 OK"
2026-09-11 15:00:33,841 - INFO - Request: POST http://testserver/auth/login
2026-09-11 15:00:34,061 - INFO - Response Status: 200
2026-09-11 15:00:34,063 - INFO - HTTP Request: POST http://testserver/auth/login "HTTP/1.1 200 OK"
2026-09-11 15:00:34,066 - INFO - Request: DELETE http://testserver/tasks/1
2026-09-11 15:00:34,073 - INFO - Response Status: 200
2026-09-11 15:00:34,074 - INFO - HTTP Request: DELETE http://testserver/tasks/1 "HTTP/1.1 200 OK"
2026-09-11 15:00:34,117 - INFO - Request: POST http://testserver/auth/register
2026-09-11 15:00:34,365 - INFO - Response Status: 200
2026-09-11 15:00:34,367 - INFO - HTTP Request: POST http://testserver/auth/register "HTTP/1.1 200 OK"
2026-09-11 15:00:34,369 - INFO - Request: POST http://testserver/auth/login
2026-09-11 15:00:34,586 - INFO - Response Status: 200
2026-09-11 15:00:34,588 - INFO - HTTP Request: POST http://testserver/auth/login "HTTP/1.1 200 OK"
2026-09-11 15:00:34,590 - INFO - Request: POST http://testserver/tasks/
2026-09-11 15:00:34,600 - INFO - User1 created task 1
2026-09-11 15:00:34,601 - INFO - Response Status: 201
2026-09-11 15:00:34,603 - INFO - HTTP Request: POST http://testserver/tasks/ "HTTP/1.1 201 Created"
2026-09-11 15:00:34,605 - INFO - Request: PUT http://testserver/tasks/1
2026-09-11 15:00:34,617 - INFO - Response Status: 200
2026-09-11 15:00:34,620 - INFO - HTTP Request: PUT http://testserver/tasks/1 "HTTP/1.1 200 OK"
2026-09-11 15:00:34,623 - INFO - Request: POST http://testserver/tasks/
2026-09-11 15:00:34,631 - INFO - User1 created task 2
2026-09-11 15:00:34,632 - INFO - Response Status: 201
2026-09-11 15:00:34,634 - INFO - HTTP Request: POST http://testserver/tasks/ "HTTP/1.1 201 Created"
2026-09-11 15:00:34,636 - INFO - Request: GET http://testserver/tasks/?completed=true
2026-09-11 15:01:09,184 - INFO - Request: POST http://testserver/auth/register
2026-09-11 15:01:09,422 - INFO - Response Status: 200
2026-09-11 15:01:09,424 - INFO - HTTP Request: POST http://testserver/auth/register "HTTP/1.1 200 OK"
2026-09-11 15:01:09,426 - INFO - Request: POST http://testserver/auth/login
2026-09-11 15:01:09,660 - INFO - Response Status: 200
2026-09-11 15:01:09,664 - INFO - HTTP Request: POST http://testserver/auth/login "HTTP/1.1 200 OK"
2026-09-11 15:01:09,666 - INFO - Request: POST http://testserver/tasks/
2026-09-11 15:01:09,677 - INFO - User1 created task 1
2026-09-11 15:01:09,678 - INFO - Response Status: 201
2026-09-11 15:01:09,680 - INFO - HTTP Request: POST http://testserver/tasks/ "HTTP/1.1 201 Created"
2026-09-11 15:01:09,683 - INFO - Request: POST http://testserver/tasks/
2026-09-11 15:01:09,690 - INFO - User1 created task 2
2026-09-11 15:01:09,691 - INFO - Response Status: 201
2026-09-11 15:01:09,693 - INFO - HTTP Request: POST http://testserver/tasks/ "HTTP/1.1 201 Created"
2026-09-11 15:01:09,695 - INFO - Request: GET http://testserver/tasks/?search=FastAPI
2026-09-11 15:01:44,468 - INFO - Request: POST http://testserver/auth/register
2026-09-11 15:01:44,726 - INFO - Response Status: 200
2026-09-11 15:01:44,729 - INFO - HTTP Request: POST http://testserver/auth/register "HTTP/1.1 200 OK"
2026-09-11 15:01:44,731 - INFO - Request: POST http://testserver/auth/login
2026-09-11 15:01:44,964 - INFO - Response Status: 200
2026-09-11 15:01:44,968 - INFO - HTTP Request: POST http://testserver/auth/login "HTTP/1.1 200 OK"
2026-09-11 15:01:44,971 - INFO - Request: POST http://testserver/tasks/
2026-09-11 15:01:44,982 - INFO - User1 created task 1
2026-09-11 15:01:44,983 - INFO - Response Status: 201
2026-09-11 15:01:44,986 - INFO - HTTP Request: POST http://testserver/tasks/ "HTTP/1.1 201 Created"
2026-09-11 15:01:44,989 - INFO - Request: POST http://testserver/tasks/
2026-09-11 15:01:44,997 - INFO - User1 created task 2
2026-09-11 15:01:44,998 - INFO - Response Status: 201
2026-09-11 15:01:45,001 - INFO - HTTP Request: POST http://testserver/tasks/ "HTTP/1.1 201 Created"
2026-09-11 15:01:45,004 - INFO - Request: POST http://testserver/tasks/
2026-09-11 15:01:45,012 - INFO - User1 created task 3
2026-09-11 15:01:45,013 - INFO - Response Status: 201
2026-09-11 15:01:45,016 - INFO - HTTP Request: POST http://testserver/tasks/ "HTTP/1.1 201 Created"
2026-09-11 15:01:45,019 - INFO - Request: GET http://testserver/tasks/?page=1&limit=2
2026-09-11 15:02:19,602 - INFO - Request: POST http://testserver/auth/register
2026-09-11 15:02:19,821 - INFO - Response Status: 200
2026-09-11 15:02:19,823 - INFO - HTTP Request: POST http://testserver/auth/register "HTTP/1.1 200 OK"
2026-09-11 15:02:19,826 - INFO - Request: POST http://testserver/auth/login
2026-09-11 15:02:20,039 - INFO - Response Status: 200
2026-09-11 15:02:20,042 - INFO - HTTP Request: POST http://testserver/auth/login "HTTP/1.1 200 OK"
2026-09-11 15:02:20,045 - INFO - Request: POST http://testserver/tasks/
2026-09-11 15:02:20,056 - INFO - User1 created task 1
2026-09-11 15:02:20,056 - INFO - Response Status: 201
2026-09-11 15:02:20,058 - INFO - HTTP Request: POST http://testserver/tasks/ "HTTP/1.1 201 Created"
2026-09-11 15:02:20,062 - INFO - Request: POST http://testserver/tasks/
2026-09-11 15:02:20,070 - INFO - User1 created task 2
2026-09-11 15:02:20,070 - INFO - Response Status: 201
2026-09-11 15:02:20,073 - INFO - HTTP Request: POST http://testserver/tasks/ "HTTP/1.1 201 Created"
2026-09-11 15:02:20,076 - INFO - Request: POST http://testserver/tasks/
2026-09-11 15:02:20,086 - INFO - User1 created task 3
2026-09-11 15:02:20,087 - INFO - Response Status: 201
2026-09-11 15:02:20,089 - INFO - HTTP Request: POST http://testserver/tasks/ "HTTP/1.1 201 Created"
2026-09-11 15:02:20,092 - INFO - Request: GET http://testserver/tasks/?page=2&limit=2
2026-09-11 15:02:53,918 - INFO - Request: POST http://testserver/auth/register
2026-09-11 15:02:54,157 - INFO - Response Status: 200
2026-09-11 15:02:54,160 - INFO - HTTP Request: POST http://testserver/auth/register "HTTP/1.1 200 OK"
2026-09-11 15:02:54,162 - INFO - Request: POST http://testserver/auth/login
2026-09-11 15:02:54,375 - INFO - Response Status: 200
2026-09-11 15:02:54,378 - INFO - HTTP Request: POST http://testserver/auth/login "HTTP/1.1 200 OK"
2026-09-11 15:02:54,380 - INFO - Request: POST http://testserver/tasks/
2026-09-11 15:02:54,390 - INFO - User1 created task 1
2026-09-11 15:02:54,391 - INFO - Response Status: 201
2026-09-11 15:02:54,393 - INFO - HTTP Request: POST http://testserver/tasks/ "HTTP/1.1 201 Created"
2026-09-11 15:02:54,395 - INFO - Request: PUT http://testserver/tasks/1
2026-09-11 15:02:54,403 - INFO - Response Status: 200
2026-09-11 15:02:54,405 - INFO - HTTP Request: PUT http://testserver/tasks/1 "HTTP/1.1 200 OK"
2026-09-11 15:02:54,447 - INFO - Request: POST http://testserver/auth/register
2026-09-11 15:02:54,689 - INFO - Response Status: 200
2026-09-11 15:02:54,692 - INFO - HTTP Request: POST http://testserver/auth/register "HTTP/1.1 200 OK"
2026-09-11 15:02:54,694 - INFO - Request: POST http://testserver/auth/login
2026-09-11 15:02:54,915 - INFO - Response Status: 200
2026-09-11 15:02:54,917 - INFO - HTTP Request: POST http://testserver/auth/login "HTTP/1.1 200 OK"
2026-09-11 15:02:54,920 - INFO - Request: POST http://testserver/tasks/
2026-09-11 15:02:54,930 - INFO - User1 created task 1
2026-09-11 15:02:54,931 - INFO - Response Status: 201
2026-09-11 15:02:54,933 - INFO - HTTP Request: POST http://testserver/tasks/ "HTTP/1.1 201 Created"
2026-09-11 15:02:54,937 - INFO - Request: DELETE http://testserver/tasks/1
2026-09-11 15:02:54,944 - INFO - Response Status: 200
2026-09-11 15:02:54,945 - INFO - HTTP Request: DELETE http://testserver/tasks/1 "HTTP/1.1 200 OK"
2026-09-11 15:02:54,992 - INFO - Request: POST http://testserver/auth/register
2026-09-11 15:02:55,213 - INFO - Response Status: 200
2026-09-11 15:02:55,215 - INFO - HTTP Request: POST http://testserver/auth/register "HTTP/1.1 200 OK"
2026-09-11 15:02:55,218 - INFO - Request: POST http://testserver/auth/login
2026-09-11 15:02:55,429 - INFO - Response Status: 200
2026-09-11 15:02:55,431 - INFO - HTTP Request: POST http://testserver/auth/login "HTTP/1.1 200 OK"
2026-09-11 15:02:55,434 - INFO - Request: DELETE http://testserver/tasks/99999
2026-09-11 15:02:55,442 - INFO - Response Status: 404
2026-09-11 15:02:55,444 - INFO - HTTP Request: DELETE http://testserver/tasks/99999 "HTTP/1.1 404 Not Found"
2026-09-11 15:02:55,484 - INFO - Request: POST http://testserver/auth/register
2026-09-11 15:02:55,724 - INFO - Response Status: 200
2026-09-11 15:02:55,726 - INFO - HTTP Request: POST http://testserver/auth/register "HTTP/1.1 200 OK"
2026-09-11 15:02:55,729 - INFO - Request: POST http://testserver/auth/login
2026-09-11 15:02:55,941 - INFO - Response Status: 200
2026-09-11 15:02:55,943 - INFO - HTTP Request: POST http://testserver/auth/login "HTTP/1.1 200 OK"
2026-09-11 15:02:55,946 - INFO - Request: POST http://testserver/tasks/
2026-09-11 15:02:55,955 - INFO - User1 created task 1
2026-09-11 15:02:55,956 - INFO - Response Status: 201
2026-09-11 15:02:55,958 - INFO - HTTP Request: POST http://testserver/tasks/ "HTTP/1.1 201 Created"
2026-09-11 15:02:55,960 - INFO - Request: POST http://testserver/auth/register
2026-09-11 15:02:56,182 - INFO - Response Status: 200
2026-09-11 15:02:56,184 - INFO - HTTP Request: POST http://testserver/auth/register "HTTP/1.1 200 OK"
2026-09-11 15:02:56,187 - INFO - Request: POST http://testserver/auth/login
2026-09-11 15:02:56,412 - INFO - Response Status: 200
2026-09-11 15:02:56,414 - INFO - HTTP Request: POST http://testserver/auth/login "HTTP/1.1 200 OK"
2026-09-11 15:02:56,417 - INFO - Request: POST http://testserver/tasks/
2026-09-11 15:02:56,425 - INFO - User2 created task 2
2026-09-11 15:02:56,425 - INFO - Response Status: 201
2026-09-11 15:02:56,428 - INFO - HTTP Request: POST http://testserver/tasks/ "HTTP/1.1 201 Created"
2026-09-11 15:02:56,431 - INFO - Request: GET http://testserver/tasks/
2026-09-11 15:06:24,821 - INFO - Request: POST http://testserver/auth/register
2026-09-11 15:06:25,084 - INFO - Response Status: 200
2026-09-11 15:06:25,087 - INFO - HTTP Request: POST http://testserver/auth/register "HTTP/1.1 200 OK"
2026-09-11 15:06:25,135 - INFO - Request: POST http://testserver/auth/register
2026-09-11 15:06:25,394 - INFO - Response Status: 200
2026-09-11 15:06:25,397 - INFO - HTTP Request: POST http://testserver/auth/register "HTTP/1.1 200 OK"
2026-09-11 15:06:25,399 - INFO - Request: POST http://testserver/auth/register
2026-09-11 15:06:25,404 - INFO - Response Status: 400
2026-09-11 15:06:25,406 - INFO - HTTP Request: POST http://testserver/auth/register "HTTP/1.1 400 Bad Request"
2026-09-11 15:06:25,453 - INFO - Request: POST http://testserver/auth/register
2026-09-11 15:06:25,705 - INFO - Response Status: 200
2026-09-11 15:06:25,708 - INFO - HTTP Request: POST http://testserver/auth/register "HTTP/1.1 200 OK"
2026-09-11 15:06:25,711 - INFO - Request: POST http://testserver/auth/login
2026-09-11 15:06:25,964 - INFO - Response Status: 200
2026-09-11 15:06:25,966 - INFO - HTTP Request: POST http://testserver/auth/login "HTTP/1.1 200 OK"
2026-09-11 15:06:26,018 - INFO - Request: POST http://testserver/auth/register
2026-09-11 15:06:26,272 - INFO - Response Status: 200
2026-09-11 15:06:26,275 - INFO - HTTP Request: POST http://testserver/auth/register "HTTP/1.1 200 OK"
2026-09-11 15:06:26,277 - INFO - Request: POST http://testserver/auth/login
2026-09-11 15:06:26,512 - INFO - Response Status: 400
2026-09-11 15:06:26,514 - INFO - HTTP Request: POST http://testserver/auth/login "HTTP/1.1 400 Bad Request"
2026-09-11 15:06:26,576 - INFO - Request: POST http://testserver/auth/register
2026-09-11 15:06:26,806 - INFO - Response Status: 200
2026-09-11 15:06:26,809 - INFO - HTTP Request: POST http://testserver/auth/register "HTTP/1.1 200 OK"
2026-09-11 15:06:26,812 - INFO - Request: POST http://testserver/auth/login
2026-09-11 15:06:27,039 - INFO - Response Status: 200
2026-09-11 15:06:27,042 - INFO - HTTP Request: POST http://testserver/auth/login "HTTP/1.1 200 OK"
2026-09-11 15:06:27,046 - INFO - Request: POST http://testserver/tasks/
2026-09-11 15:06:27,068 - INFO - User1 created task 1
2026-09-11 15:06:27,069 - INFO - Response Status: 201
2026-09-11 15:06:27,072 - INFO - HTTP Request: POST http://testserver/tasks/ "HTTP/1.1 201 Created"
2026-09-11 15:06:27,129 - INFO - Request: POST http://testserver/tasks/
2026-09-11 15:06:27,135 - INFO - Response Status: 401
2026-09-11 15:06:27,137 - INFO - HTTP Request: POST http://testserver/tasks/ "HTTP/1.1 401 Unauthorized"
2026-09-11 15:06:27,214 - INFO - Request: POST http://testserver/tasks/
2026-09-11 15:06:27,219 - INFO - Response Status: 401
2026-09-11 15:06:27,221 - INFO - HTTP Request: POST http://testserver/tasks/ "HTTP/1.1 401 Unauthorized"
2026-09-11 15:06:27,287 - INFO - Request: POST http://testserver/auth/logout
2026-09-11 15:06:27,289 - INFO - Response Status: 200
2026-09-11 15:06:27,290 - INFO - HTTP Request: POST http://testserver/auth/logout "HTTP/1.1 200 OK"
2026-09-11 15:06:27,297 - INFO - Request: GET http://testserver/
2026-09-11 15:06:27,299 - INFO - Response Status: 200
2026-09-11 15:06:27,301 - INFO - HTTP Request: GET http://testserver/ "HTTP/1.1 200 OK"
2026-09-11 15:06:27,351 - INFO - Request: POST http://testserver/auth/register
2026-09-11 15:06:27,629 - INFO - Response Status: 200
2026-09-11 15:06:27,631 - INFO - HTTP Request: POST http://testserver/auth/register "HTTP/1.1 200 OK"
2026-09-11 15:06:27,634 - INFO - Request: POST http://testserver/auth/login
2026-09-11 15:06:27,890 - INFO - Response Status: 200
2026-09-11 15:06:27,892 - INFO - HTTP Request: POST http://testserver/auth/login "HTTP/1.1 200 OK"
2026-09-11 15:06:27,895 - INFO - Request: POST http://testserver/tasks/
2026-09-11 15:06:27,905 - INFO - User1 created task 1
2026-09-11 15:06:27,906 - INFO - Response Status: 201
2026-09-11 15:06:27,908 - INFO - HTTP Request: POST http://testserver/tasks/ "HTTP/1.1 201 Created"
2026-09-11 15:06:27,960 - INFO - Request: POST http://testserver/auth/register
2026-09-11 15:06:28,198 - INFO - Response Status: 200
2026-09-11 15:06:28,200 - INFO - HTTP Request: POST http://testserver/auth/register "HTTP/1.1 200 OK"
2026-09-11 15:06:28,203 - INFO - Request: POST http://testserver/auth/login
2026-09-11 15:06:28,457 - INFO - Response Status: 200
2026-09-11 15:06:28,460 - INFO - HTTP Request: POST http://testserver/auth/login "HTTP/1.1 200 OK"
2026-09-11 15:06:28,462 - INFO - Request: POST http://testserver/tasks/
2026-09-11 15:06:28,473 - INFO - User1 created task 1
2026-09-11 15:06:28,473 - INFO - Response Status: 201
2026-09-11 15:06:28,475 - INFO - HTTP Request: POST http://testserver/tasks/ "HTTP/1.1 201 Created"
2026-09-11 15:06:28,477 - INFO - Request: GET http://testserver/tasks/
2026-09-11 15:06:28,524 - INFO - Cache MISS: tasks:user=1:role=user:page=1:limit=10:search=None:completed=None
2026-09-11 15:06:28,541 - INFO - Response Status: 200
2026-09-11 15:06:28,543 - INFO - HTTP Request: GET http://testserver/tasks/ "HTTP/1.1 200 OK"
2026-09-11 15:06:28,591 - INFO - Request: POST http://testserver/auth/register
2026-09-11 15:06:28,836 - INFO - Response Status: 200
2026-09-11 15:06:28,839 - INFO - HTTP Request: POST http://testserver/auth/register "HTTP/1.1 200 OK"
2026-09-11 15:06:28,843 - INFO - Request: POST http://testserver/auth/login
2026-09-11 15:06:29,083 - INFO - Response Status: 200
2026-09-11 15:06:29,085 - INFO - HTTP Request: POST http://testserver/auth/login "HTTP/1.1 200 OK"
2026-09-11 15:06:29,089 - INFO - Request: POST http://testserver/tasks/
2026-09-11 15:06:29,098 - INFO - User1 created task 1
2026-09-11 15:06:29,099 - INFO - Response Status: 201
2026-09-11 15:06:29,101 - INFO - HTTP Request: POST http://testserver/tasks/ "HTTP/1.1 201 Created"
2026-09-11 15:06:29,103 - INFO - Request: POST http://testserver/auth/register
2026-09-11 15:06:29,335 - INFO - Response Status: 200
2026-09-11 15:06:29,338 - INFO - HTTP Request: POST http://testserver/auth/register "HTTP/1.1 200 OK"
2026-09-11 15:06:29,340 - INFO - Request: POST http://testserver/auth/login
2026-09-11 15:06:29,574 - INFO - Response Status: 200
2026-09-11 15:06:29,577 - INFO - HTTP Request: POST http://testserver/auth/login "HTTP/1.1 200 OK"
2026-09-11 15:06:29,580 - INFO - Request: DELETE http://testserver/tasks/1
2026-09-11 15:06:29,588 - INFO - Response Status: 403
2026-09-11 15:06:29,590 - INFO - HTTP Request: DELETE http://testserver/tasks/1 "HTTP/1.1 403 Forbidden"
2026-09-11 15:06:29,656 - INFO - Request: POST http://testserver/auth/register
2026-09-11 15:06:29,896 - INFO - Response Status: 200
2026-09-11 15:06:29,898 - INFO - HTTP Request: POST http://testserver/auth/register "HTTP/1.1 200 OK"
2026-09-11 15:06:29,901 - INFO - Request: POST http://testserver/auth/login
2026-09-11 15:06:30,122 - INFO - Response Status: 200
2026-09-11 15:06:30,125 - INFO - HTTP Request: POST http://testserver/auth/login "HTTP/1.1 200 OK"
2026-09-11 15:06:30,128 - INFO - Request: POST http://testserver/tasks/
2026-09-11 15:06:30,139 - INFO - User1 created task 1
2026-09-11 15:06:30,140 - INFO - Response Status: 201
2026-09-11 15:06:30,142 - INFO - HTTP Request: POST http://testserver/tasks/ "HTTP/1.1 201 Created"
2026-09-11 15:06:30,145 - INFO - Request: POST http://testserver/auth/register
2026-09-11 15:06:30,376 - INFO - Response Status: 200
2026-09-11 15:06:30,379 - INFO - HTTP Request: POST http://testserver/auth/register "HTTP/1.1 200 OK"
2026-09-11 15:06:30,392 - INFO - Request: POST http://testserver/auth/login
2026-09-11 15:06:30,642 - INFO - Response Status: 200
2026-09-11 15:06:30,644 - INFO - HTTP Request: POST http://testserver/auth/login "HTTP/1.1 200 OK"
2026-09-11 15:06:30,648 - INFO - Request: DELETE http://testserver/tasks/1
2026-09-11 15:06:30,656 - INFO - Response Status: 200
2026-09-11 15:06:30,658 - INFO - HTTP Request: DELETE http://testserver/tasks/1 "HTTP/1.1 200 OK"
2026-09-11 15:06:30,716 - INFO - Request: POST http://testserver/auth/register
2026-09-11 15:06:30,944 - INFO - Response Status: 200
2026-09-11 15:06:30,947 - INFO - HTTP Request: POST http://testserver/auth/register "HTTP/1.1 200 OK"
2026-09-11 15:06:30,949 - INFO - Request: POST http://testserver/auth/login
2026-09-11 15:06:31,175 - INFO - Response Status: 200
2026-09-11 15:06:31,177 - INFO - HTTP Request: POST http://testserver/auth/login "HTTP/1.1 200 OK"
2026-09-11 15:06:31,180 - INFO - Request: POST http://testserver/tasks/
2026-09-11 15:06:31,190 - INFO - User1 created task 1
2026-09-11 15:06:31,190 - INFO - Response Status: 201
2026-09-11 15:06:31,192 - INFO - HTTP Request: POST http://testserver/tasks/ "HTTP/1.1 201 Created"
2026-09-11 15:06:31,194 - INFO - Request: PUT http://testserver/tasks/1
2026-09-11 15:06:31,204 - INFO - Response Status: 200
2026-09-11 15:06:31,206 - INFO - HTTP Request: PUT http://testserver/tasks/1 "HTTP/1.1 200 OK"
2026-09-11 15:06:31,209 - INFO - Request: POST http://testserver/tasks/
2026-09-11 15:06:31,216 - INFO - User1 created task 2
2026-09-11 15:06:31,217 - INFO - Response Status: 201
2026-09-11 15:06:31,219 - INFO - HTTP Request: POST http://testserver/tasks/ "HTTP/1.1 201 Created"
2026-09-11 15:06:31,222 - INFO - Request: GET http://testserver/tasks/?completed=true
2026-09-11 15:06:31,227 - INFO - Cache MISS: tasks:user=1:role=user:page=1:limit=10:search=None:completed=True
2026-09-11 15:06:31,233 - INFO - Response Status: 200
2026-09-11 15:06:31,235 - INFO - HTTP Request: GET http://testserver/tasks/?completed=true "HTTP/1.1 200 OK"
2026-09-11 15:06:31,290 - INFO - Request: POST http://testserver/auth/register
2026-09-11 15:06:31,532 - INFO - Response Status: 200
2026-09-11 15:06:31,535 - INFO - HTTP Request: POST http://testserver/auth/register "HTTP/1.1 200 OK"
2026-09-11 15:06:31,537 - INFO - Request: POST http://testserver/auth/login
2026-09-11 15:06:31,762 - INFO - Response Status: 200
2026-09-11 15:06:31,764 - INFO - HTTP Request: POST http://testserver/auth/login "HTTP/1.1 200 OK"
2026-09-11 15:06:31,767 - INFO - Request: POST http://testserver/tasks/
2026-09-11 15:06:31,777 - INFO - User1 created task 1
2026-09-11 15:06:31,777 - INFO - Response Status: 201
2026-09-11 15:06:31,779 - INFO - HTTP Request: POST http://testserver/tasks/ "HTTP/1.1 201 Created"
2026-09-11 15:06:31,782 - INFO - Request: POST http://testserver/tasks/
2026-09-11 15:06:31,789 - INFO - User1 created task 2
2026-09-11 15:06:31,790 - INFO - Response Status: 201
2026-09-11 15:06:31,792 - INFO - HTTP Request: POST http://testserver/tasks/ "HTTP/1.1 201 Created"
2026-09-11 15:06:31,794 - INFO - Request: GET http://testserver/tasks/?search=FastAPI
2026-09-11 15:06:31,800 - INFO - Cache MISS: tasks:user=1:role=user:page=1:limit=10:search=FastAPI:completed=None
2026-09-11 15:06:31,809 - INFO - Response Status: 200
2026-09-11 15:06:31,811 - INFO - HTTP Request: GET http://testserver/tasks/?search=FastAPI "HTTP/1.1 200 OK"
2026-09-11 15:06:31,858 - INFO - Request: POST http://testserver/auth/register
2026-09-11 15:06:32,089 - INFO - Response Status: 200
2026-09-11 15:06:32,091 - INFO - HTTP Request: POST http://testserver/auth/register "HTTP/1.1 200 OK"
2026-09-11 15:06:32,093 - INFO - Request: POST http://testserver/auth/login
2026-09-11 15:06:32,324 - INFO - Response Status: 200
2026-09-11 15:06:32,327 - INFO - HTTP Request: POST http://testserver/auth/login "HTTP/1.1 200 OK"
2026-09-11 15:06:32,330 - INFO - Request: POST http://testserver/tasks/
2026-09-11 15:06:32,342 - INFO - User1 created task 1
2026-09-11 15:06:32,343 - INFO - Response Status: 201
2026-09-11 15:06:32,346 - INFO - HTTP Request: POST http://testserver/tasks/ "HTTP/1.1 201 Created"
2026-09-11 15:06:32,350 - INFO - Request: POST http://testserver/tasks/
2026-09-11 15:06:32,358 - INFO - User1 created task 2
2026-09-11 15:06:32,359 - INFO - Response Status: 201
2026-09-11 15:06:32,361 - INFO - HTTP Request: POST http://testserver/tasks/ "HTTP/1.1 201 Created"
2026-09-11 15:06:32,365 - INFO - Request: POST http://testserver/tasks/
2026-09-11 15:06:32,373 - INFO - User1 created task 3
2026-09-11 15:06:32,374 - INFO - Response Status: 201
2026-09-11 15:06:32,376 - INFO - HTTP Request: POST http://testserver/tasks/ "HTTP/1.1 201 Created"
2026-09-11 15:06:32,379 - INFO - Request: GET http://testserver/tasks/?page=1&limit=2
2026-09-11 15:06:32,386 - INFO - Cache MISS: tasks:user=1:role=user:page=1:limit=2:search=None:completed=None
2026-09-11 15:06:32,391 - INFO - Response Status: 200
2026-09-11 15:06:32,395 - INFO - HTTP Request: GET http://testserver/tasks/?page=1&limit=2 "HTTP/1.1 200 OK"
2026-09-11 15:06:32,449 - INFO - Request: POST http://testserver/auth/register
2026-09-11 15:06:32,700 - INFO - Response Status: 200
2026-09-11 15:06:32,703 - INFO - HTTP Request: POST http://testserver/auth/register "HTTP/1.1 200 OK"
2026-09-11 15:06:32,706 - INFO - Request: POST http://testserver/auth/login
2026-09-11 15:06:32,927 - INFO - Response Status: 200
2026-09-11 15:06:32,929 - INFO - HTTP Request: POST http://testserver/auth/login "HTTP/1.1 200 OK"
2026-09-11 15:06:32,932 - INFO - Request: POST http://testserver/tasks/
2026-09-11 15:06:32,943 - INFO - User1 created task 1
2026-09-11 15:06:32,943 - INFO - Response Status: 201
2026-09-11 15:06:32,945 - INFO - HTTP Request: POST http://testserver/tasks/ "HTTP/1.1 201 Created"
2026-09-11 15:06:32,948 - INFO - Request: POST http://testserver/tasks/
2026-09-11 15:06:32,955 - INFO - User1 created task 2
2026-09-11 15:06:32,956 - INFO - Response Status: 201
2026-09-11 15:06:32,958 - INFO - HTTP Request: POST http://testserver/tasks/ "HTTP/1.1 201 Created"
2026-09-11 15:06:32,961 - INFO - Request: POST http://testserver/tasks/
2026-09-11 15:06:32,968 - INFO - User1 created task 3
2026-09-11 15:06:32,969 - INFO - Response Status: 201
2026-09-11 15:06:32,971 - INFO - HTTP Request: POST http://testserver/tasks/ "HTTP/1.1 201 Created"
2026-09-11 15:06:32,973 - INFO - Request: GET http://testserver/tasks/?page=2&limit=2
2026-09-11 15:06:32,978 - INFO - Cache MISS: tasks:user=1:role=user:page=2:limit=2:search=None:completed=None
2026-09-11 15:06:32,983 - INFO - Response Status: 200
2026-09-11 15:06:32,986 - INFO - HTTP Request: GET http://testserver/tasks/?page=2&limit=2 "HTTP/1.1 200 OK"
2026-09-11 15:06:33,039 - INFO - Request: POST http://testserver/auth/register
2026-09-11 15:06:33,283 - INFO - Response Status: 200
2026-09-11 15:06:33,285 - INFO - HTTP Request: POST http://testserver/auth/register "HTTP/1.1 200 OK"
2026-09-11 15:06:33,288 - INFO - Request: POST http://testserver/auth/login
2026-09-11 15:06:33,512 - INFO - Response Status: 200
2026-09-11 15:06:33,515 - INFO - HTTP Request: POST http://testserver/auth/login "HTTP/1.1 200 OK"
2026-09-11 15:06:33,518 - INFO - Request: POST http://testserver/tasks/
2026-09-11 15:06:33,529 - INFO - User1 created task 1
2026-09-11 15:06:33,529 - INFO - Response Status: 201
2026-09-11 15:06:33,532 - INFO - HTTP Request: POST http://testserver/tasks/ "HTTP/1.1 201 Created"
2026-09-11 15:06:33,535 - INFO - Request: PUT http://testserver/tasks/1
2026-09-11 15:06:33,547 - INFO - Response Status: 200
2026-09-11 15:06:33,550 - INFO - HTTP Request: PUT http://testserver/tasks/1 "HTTP/1.1 200 OK"
2026-09-11 15:06:33,602 - INFO - Request: POST http://testserver/auth/register
2026-09-11 15:06:33,839 - INFO - Response Status: 200
2026-09-11 15:06:33,841 - INFO - HTTP Request: POST http://testserver/auth/register "HTTP/1.1 200 OK"
2026-09-11 15:06:33,844 - INFO - Request: POST http://testserver/auth/login
2026-09-11 15:06:34,068 - INFO - Response Status: 200
2026-09-11 15:06:34,070 - INFO - HTTP Request: POST http://testserver/auth/login "HTTP/1.1 200 OK"
2026-09-11 15:06:34,073 - INFO - Request: POST http://testserver/tasks/
2026-09-11 15:06:34,083 - INFO - User1 created task 1
2026-09-11 15:06:34,084 - INFO - Response Status: 201
2026-09-11 15:06:34,086 - INFO - HTTP Request: POST http://testserver/tasks/ "HTTP/1.1 201 Created"
2026-09-11 15:06:34,088 - INFO - Request: DELETE http://testserver/tasks/1
2026-09-11 15:06:34,094 - INFO - Response Status: 200
2026-09-11 15:06:34,097 - INFO - HTTP Request: DELETE http://testserver/tasks/1 "HTTP/1.1 200 OK"
2026-09-11 15:06:34,145 - INFO - Request: POST http://testserver/auth/register
2026-09-11 15:06:34,397 - INFO - Response Status: 200
2026-09-11 15:06:34,400 - INFO - HTTP Request: POST http://testserver/auth/register "HTTP/1.1 200 OK"
2026-09-11 15:06:34,403 - INFO - Request: POST http://testserver/auth/login
2026-09-11 15:06:34,625 - INFO - Response Status: 200
2026-09-11 15:06:34,628 - INFO - HTTP Request: POST http://testserver/auth/login "HTTP/1.1 200 OK"
2026-09-11 15:06:34,630 - INFO - Request: DELETE http://testserver/tasks/99999
2026-09-11 15:06:34,640 - INFO - Response Status: 404
2026-09-11 15:06:34,643 - INFO - HTTP Request: DELETE http://testserver/tasks/99999 "HTTP/1.1 404 Not Found"
2026-09-11 15:06:34,687 - INFO - Request: POST http://testserver/auth/register
2026-09-11 15:06:34,917 - INFO - Response Status: 200
2026-09-11 15:06:34,920 - INFO - HTTP Request: POST http://testserver/auth/register "HTTP/1.1 200 OK"
2026-09-11 15:06:34,924 - INFO - Request: POST http://testserver/auth/login
2026-09-11 15:06:35,162 - INFO - Response Status: 200
2026-09-11 15:06:35,164 - INFO - HTTP Request: POST http://testserver/auth/login "HTTP/1.1 200 OK"
2026-09-11 15:06:35,167 - INFO - Request: POST http://testserver/tasks/
2026-09-11 15:06:35,178 - INFO - User1 created task 1
2026-09-11 15:06:35,178 - INFO - Response Status: 201
2026-09-11 15:06:35,180 - INFO - HTTP Request: POST http://testserver/tasks/ "HTTP/1.1 201 Created"
2026-09-11 15:06:35,182 - INFO - Request: POST http://testserver/auth/register
2026-09-11 15:06:35,404 - INFO - Response Status: 200
2026-09-11 15:06:35,406 - INFO - HTTP Request: POST http://testserver/auth/register "HTTP/1.1 200 OK"
2026-09-11 15:06:35,408 - INFO - Request: POST http://testserver/auth/login
2026-09-11 15:06:35,642 - INFO - Response Status: 200
2026-09-11 15:06:35,644 - INFO - HTTP Request: POST http://testserver/auth/login "HTTP/1.1 200 OK"
2026-09-11 15:06:35,646 - INFO - Request: POST http://testserver/tasks/
2026-09-11 15:06:35,653 - INFO - User2 created task 2
2026-09-11 15:06:35,654 - INFO - Response Status: 201
2026-09-11 15:06:35,656 - INFO - HTTP Request: POST http://testserver/tasks/ "HTTP/1.1 201 Created"
2026-09-11 15:06:35,659 - INFO - Request: GET http://testserver/tasks/
2026-09-11 15:06:35,664 - INFO - Cache MISS: tasks:user=2:role=user:page=1:limit=10:search=None:completed=None
2026-09-11 15:06:35,668 - INFO - Response Status: 200
2026-09-11 15:06:35,670 - INFO - HTTP Request: GET http://testserver/tasks/ "HTTP/1.1 200 OK"
